0.0,0,0,0,9.734375,0,0,0,259.110229492,0.174572316502,0.136031499015,-0.0313166715849
0.01,10.5078125,7.90234375,9.65625,9.71875,281.366638184,215.320220947,265.028045654,259.30670166,0.0994651644303,-0.113597723463,-0.0782986993226
0.019991,10.484375,7.89453125,9.5859375,9.71875,281.105804443,215.397354126,264.028076172,259.262359619,0.0792246356448,-0.113663472006,0.000149547361174
0.030008,10.4296875,7.859375,9.5546875,9.59375,280.787689209,215.517028809,263.305450439,258.766387939,-0.0202047427097,0.200384018079,-0.00461928137343
0.039996,10.3515625,8.0390625,9.6640625,9.59375,280.381835938,216.211502075,262.909118652,258.594451904,-0.0964565483778,0.109354257761,-0.0137328061446
0.049994,10.2734375,8.3046875,9.703125,9.6953125,279.541107178,217.438491821,262.490905762,258.335357666,0.0602877100331,0.0143573881841,-0.0279993110904
0.060013,10.296875,8.453125,9.7421875,9.78125,279.217926025,219.408996582,262.459075928,258.85244751,0.146431322834,0.145352312956,-0.0914932904573
0.069994,10.546875,8.3515625,9.7109375,10.0078125,279.268096924,220.676574707,262.146484375,259.751800537,0.104841543333,0.0599609939344,-0.0235639865984
0.080007,10.4140625,8.546875,9.6484375,10.0625,279.453887939,222.596008301,261.78125,261.189300537,-0.00835532949186,-0.0227857981424,0.0206825377787
0.089994,10.484375,8.3828125,9.7421875,9.90625,279.490142822,223.352615356,261.721343994,261.67565918,-0.0627109776982,0.122199857494,0.00494634761661
0.099995,10.421875,8.5625,9.8828125,9.984375,279.419616699,224.622955322,262.099121094,262.104797363,-0.0780283557567,0.119154063523,0.00493668770558
0.109994,10.2890625,8.8671875,9.8359375,10.203125,279.207061768,226.851089478,262.484588623,263.428283691,-0.0466741160717,-0.0955121861576,-0.0360919608855
0.120004,10.5078125,8.703125,10.0,10.1640625,279.15246582,228.267089844,263.16015625,264.212921143,0.203700959274,0.0342937498841,-0.0572895298876
0.13,10.6328125,8.6640625,10.0234375,10.234375,280.008636475,229.470932007,264.015380859,265.519378662,0.0684219869836,0.113141991136,-0.0136150615108
0.13999,10.6875,8.5859375,9.125,11.046875,280.471221924,230.04498291,261.632904053,269.012481689,-0.0265292924725,-0.188693146787,-0.00870160854829
0.150008,9.984375,9.109375,8.7890625,11.1875,279.146728516,232.290405273,258.714691162,272.620849609,-0.120787492603,0.0199266129789,0.0546639034653
0.15999,9.4921875,9.4609375,8.578125,11.2734375,276.142547607,235.630813599,254.90826416,276.337402344,-0.0399361192049,0.0137317753658,-0.0243998535316
0.169993,9.609375,9.2734375,7.7265625,11.8984375,273.725524902,237.761322021,249.193496704,281.097045898,-0.0183875787736,-0.240560186437,-0.0348504694108
0.180014,9.734375,9.0234375,6.99609375,12.3359375,271.936096191,239.262084961,240.579101562,288.070587158,-0.0439543684846,-0.382877327685,-0.0464166863582
0.18999,9.8828125,8.7265625,6.30078125,12.609375,270.996612549,239.012969971,233.609085083,292.451202393,-0.0930642147441,-0.528550498189,-0.000495244056728
0.199995,10.0859375,8.328125,5.8125,12.7734375,271.179870605,237.714111328,224.509292603,297.934020996,-0.157293436364,-0.748712213747,-0.0030450718433
0.210001,9.7109375,8.71875,6.6640625,12.3984375,269.776245117,237.574264526,218.793914795,301.379425049,-0.403916046111,-0.862417289614,0.0288534772582
0.22,9.2421875,9.078125,7.31640625,12.15625,267.235229492,238.671325684,216.234649658,303.931854248,-0.594345956091,-0.823219464234,0.0686426842848
0.230005,8.7578125,9.3984375,7.9609375,11.859375,263.41973877,240.900283813,216.586196899,305.101196289,-0.573920510256,-1.26714151285,-0.0577977096352
0.239992,8.109375,9.7421875,8.8125,11.40625,257.601959229,243.908432007,219.312347412,304.484008789,-0.624842331616,-1.45762206494,-0.0916414721822
0.249998,8.1328125,9.6171875,9.25,11.125,253.167999268,246.12361145,223.272079468,303.141693115,-0.504710926777,-1.47832690422,-0.0953304022101
0.260015,8.0625,9.7578125,9.4609375,11.09375,248.822113037,248.417007446,227.423370361,301.583465576,-0.704900552796,-1.78372961982,-0.114379869061
0.269998,8.1171875,9.7578125,9.8046875,10.828125,245.699661255,250.375152588,231.992202759,299.884735107,-0.721352620256,-2.2127734196,-0.155846514179
0.280012,8.109375,9.7421875,10.1171875,10.484375,241.896575928,252.294784546,237.828933716,296.058776855,-0.676297455772,-2.00971117044,-0.0992056527767
0.290004,8.78125,9.4609375,9.9140625,10.734375,241.833480835,252.789520264,241.187362671,294.720214844,-0.660874815986,-2.13532110028,-0.166989174237
0.299994,8.71875,9.875,9.96875,10.921875,241.113555908,253.858856201,243.930130005,293.425231934,-0.694515847064,-2.55439935439,-0.21045888453
0.309999,9.71875,9.140625,10.71875,10.0390625,244.136276245,253.463745117,249.238571167,290.22845459,-0.386009101415,-2.87087978515,-0.283808308417
0.32,10.765625,8.546875,11.7265625,8.890625,249.661254883,250.33152771,256.296356201,282.796447754,-0.415663196759,-2.62957944134,-0.174652181473
0.329995,12.0234375,7.55859375,12.2890625,8.1640625,258.204620361,244.623931885,265.067352295,274.318969727,-0.451224061996,-2.73463659796,-0.213785213382
0.339991,12.5,7.34765625,12.4296875,7.953125,267.22164917,238.441177368,273.087280273,265.50213623,-0.383912346023,-2.67223695621,-0.154180368065
0.350007,12.7890625,7.27734375,13.0625,7.0,275.40234375,233.370254517,281.058837891,256.274536133,-0.251678876522,-2.77359495655,-0.200914618721
0.360004,13.46875,6.4765625,12.96875,6.78515625,284.920257568,227.402648926,289.411865234,246.02571106,-0.177063702919,-2.63280040946,-0.180824193451
0.369991,13.6953125,6.39453125,13.125,6.76171875,294.169799805,219.519805908,296.677307129,237.188156128,-0.195477860643,-2.39534029303,-0.113166077581
0.380012,13.890625,6.38671875,13.0390625,7.0078125,303.942993164,211.997177124,303.594665527,229.623336792,-0.0138974017108,-2.17761932178,-0.20696096887
0.390003,13.9140625,6.94921875,12.84375,7.6171875,309.54498291,209.725723267,307.150146484,227.182052612,0.030405154518,-1.9467781793,-0.0736883055041
0.399994,14.1875,7.21875,12.671875,8.6484375,317.155517578,208.727966309,310.224945068,228.105651855,0.287038431252,-1.74192691753,-0.183488622579
0.410004,13.78125,8.328125,12.46875,9.09375,322.338867188,211.276626587,312.58190918,230.523239136,0.179281892201,-1.45636295413,-0.0674472371728
0.419994,13.8203125,8.25,12.03125,9.8359375,326.860656738,213.584320068,313.179321289,234.850448608,0.10947544706,-1.0673404846,-0.0396909685705
0.42999,13.3984375,9.03125,11.7734375,10.484375,330.194030762,217.784606934,312.783355713,241.289413452,0.0630503834404,-0.745375984761,-0.0229164449813
0.439992,13.1171875,9.609375,11.734375,10.90625,332.021942139,223.632965088,312.108276367,248.083633423,0.305032799962,-0.815736266743,-0.167005410459
0.450001,12.9453125,9.9609375,11.515625,11.3046875,333.313476562,229.51802063,311.197723389,254.983261108,0.24619529663,-0.523300910896,0.00454971909474
0.460014,12.9921875,9.9296875,11.1484375,11.7734375,333.995391846,235.138839722,308.781463623,262.703369141,0.209477187154,-0.359097343437,-0.117836530277
0.469991,12.46875,10.703125,11.6640625,11.3125,333.486053467,241.985092163,308.647186279,267.718688965,0.139829738179,-0.0799344753166,0.00802982979944
0.480059,12.3828125,10.8046875,11.9453125,11.03125,332.103637695,249.654571533,309.682250977,271.50213623,0.235706581246,-0.0879134075034,-0.0754113890406
0.489996,12.265625,10.7890625,11.859375,11.0625,333.049835205,254.560668945,310.223144531,274.566467285,0.258906487472,0.15679809185,-0.0127314307945
0.499996,12.0703125,10.9375,12.1796875,10.5078125,330.052276611,259.39263916,311.464904785,275.069274902,0.232890330638,0.0770669361864,-0.03616715241
0.510008,11.8515625,10.84375,12.125,10.21875,327.298553467,263.373962402,312.48449707,274.86517334,0.321031604305,0.366601855337,0.0188549714215
0.519991,12.0234375,10.1875,11.7578125,10.1875,325.173278809,264.995056152,312.100616455,273.880126953,0.361425226215,0.385485162982,0.000994152801256
0.529999,11.765625,10.171875,11.8203125,9.8671875,324.354797363,266.314727783,312.15737915,272.702392578,0.384556739979,0.53878099476,0.0250272440065
0.540001,11.984375,9.484375,11.3671875,10.03125,323.022644043,264.845397949,310.508087158,271.280883789,0.482635116808,0.573221816972,0.0130318765941
0.549993,12.015625,8.984375,11.1875,9.8828125,322.712615967,262.220245361,308.889099121,270.822387695,0.483391021225,0.623155674753,0.00657587779022
0.560086,11.8359375,8.96875,11.3203125,9.390625,320.697387695,259.297180176,307.511749268,267.565582275,0.714785919017,0.729164362459,-0.0319689681786
0.569991,11.53125,8.7890625,11.4140625,8.7890625,319.008575439,256.656768799,307.263305664,263.663757324,0.678486294067,0.806497973338,0.0192565296281
0.580017,11.8515625,7.7890625,10.8515625,8.9765625,317.284851074,249.340667725,304.444976807,259.310943604,0.782865023564,0.99090827518,0.0103132587871
0.590005,11.2421875,8.1171875,11.0,8.3515625,315.858551025,246.438873291,303.499694824,255.981704712,0.71496104658,1.21936658331,0.0718999684314
0.6,11.4921875,7.35546875,10.765625,8.375,313.863555908,240.573318481,301.110961914,251.820999146,0.841884176901,1.28822101984,0.0275392285274
0.609994,11.375,7.0546875,10.203125,8.7890625,312.403900146,234.281143188,297.857147217,249.72454834,0.726423073343,1.38707151401,0.0237066606454
0.619994,11.8125,5.6796875,9.5859375,9.3046875,311.955718994,224.19720459,292.135650635,249.55770874,0.993965157302,1.51580280497,-0.0323159708184
0.630005,11.7265625,5.37109375,9.1875,9.609375,311.774871826,214.724700928,286.640533447,250.500106812,1.0843909861,1.75400908874,-0.0638329366912
0.639992,11.9609375,4.48046875,8.96875,9.75,312.183837891,202.662490845,280.293823242,251.968505859,0.908086215872,1.84424781664,-0.0483666809865
0.649997,12.09375,3.947265625,8.171875,10.375,313.050689697,191.324798584,273.244628906,255.140899658,0.726246221992,1.98507162154,-0.0107497863085
0.660013,11.8359375,4.2265625,8.1015625,10.2109375,312.740386963,181.45690918,265.756439209,257.485198975,0.675119642548,2.34221146371,0.00872038750269
0.669993,11.6171875,5.03515625,8.125,10.1953125,312.003631592,176.273330688,259.886108398,259.355621338,0.426674243259,2.51547975774,-0.0271349623427
0.68,11.7890625,5.203125,8.0546875,10.453125,311.767852783,171.658569336,253.897689819,261.915985107,0.420096267514,2.32962631906,-0.108611235167
0.689996,11.4765625,6.203125,8.3515625,10.234375,310.712463379,171.785140991,250.734375,263.127990723,0.315939976577,2.45671572506,-0.106270796689
0.699993,11.46875,6.671875,8.7890625,9.828125,310.201416016,173.453521729,249.384033203,263.142059326,0.133313026798,2.79601035279,-0.0386577846694
0.709995,11.3203125,7.125,8.7734375,9.8671875,308.371551514,176.206192017,247.614059448,262.932159424,-0.131015240431,2.9144357198,0.0508608423529
0.720001,11.09375,7.73828125,9.3828125,9.3984375,307.036895752,181.008407593,248.414138794,261.622161865,-0.400365182199,3.11883357869,0.0905198218404
0.730002,10.609375,8.6875,9.8984375,9.21875,303.634857178,188.267028809,250.496276855,259.320129395,-0.356813650203,3.0399047649,0.0202097859549
0.740042,10.71875,8.703125,10.515625,8.8984375,301.3046875,195.01133728,254.704360962,256.475585938,-0.403282157944,2.89696582529,-0.00930469419205
0.750007,10.578125,8.96875,11.015625,8.7421875,298.827880859,201.175689697,259.565948486,253.429550171,-0.185796716733,3.17368899153,-0.0629450809468
0.759991,9.5625,9.7578125,10.671875,9.484375,293.038757324,209.558334351,262.955657959,253.401748657,-0.558217079349,3.30732599733,0.182950777368
0.770002,9.890625,9.1953125,10.84375,9.609375,289.484191895,214.873565674,266.515380859,253.706741333,-0.808283724728,3.63810921121,0.151223488953
0.780053,8.8984375,9.7890625,11.1875,9.609375,282.390319824,221.965835571,270.89666748,254.148773193,-0.542774232761,3.36161592519,0.0452566359624
0.78999,8.078125,10.0234375,10.7578125,10.375,275.021759033,227.823944092,273.02053833,256.70614624,-0.364910658771,3.18659140337,0.00765563166966
0.799989,8.453125,9.6875,10.8671875,10.7109375,268.894561768,232.094741821,275.216949463,260.303863525,-0.343744464712,3.48440140254,-0.0801654930421
0.810007,7.734375,9.9921875,10.375,11.46875,261.515075684,236.880447388,275.534973145,265.9815979,-0.16081731103,3.41258403737,0.000339949930485
0.819991,7.0234375,10.203125,9.875,11.8828125,252.599563599,241.984481812,274.163513184,272.824279785,-0.22781139961,3.55982433927,-0.0193050155051
0.830001,6.21875,10.6796875,9.5859375,12.421875,242.67401123,247.342483521,271.963226318,279.429748535,-0.295573172296,3.65792838595,-0.000776744826285
0.84,5.5625,10.8359375,9.1015625,12.796875,231.592788696,253.556396484,268.55166626,286.85925293,-0.24516325936,3.06319822658,-0.185574564359
0.849999,5.3984375,10.7421875,8.78125,12.6953125,220.999099731,257.891265869,264.140686035,292.801757812,0.220676614911,2.96530215064,-0.235068618697
0.860018,6.83984375,10.046875,7.76171875,13.171875,216.241729736,259.964630127,257.046813965,299.907684326,0.265875029898,2.94857876878,-0.284540706592
0.869999,7.59765625,9.9375,7.015625,13.3984375,215.481506348,260.850646973,249.384033203,306.015899658,0.180410411899,2.56546386839,-0.197950919837
0.880016,8.0234375,10.0234375,6.9296875,13.1796875,215.967773438,262.421264648,239.562011719,312.0625,0.0758621258355,2.34177736155,-0.136833611948
0.89,8.3046875,10.1796875,7.171875,12.7421875,217.130905151,264.053314209,234.673080444,314.636657715,0.0915980718075,2.38200180968,-0.136833938067
0.9,8.390625,10.453125,7.21875,12.5625,218.130813599,266.052642822,230.250823975,315.897216797,0.0519060362203,1.9685994,-0.141550503859
0.910022,8.65625,10.3359375,6.984375,12.2421875,220.604278564,268.127593994,225.595596313,316.889343262,0.0845124844872,1.38803864491,-0.171368844399
0.920002,8.734375,10.2890625,7.48828125,11.5859375,222.656951904,269.162841797,222.786621094,314.697113037,0.217414935821,1.43375829123,-0.135141951211
0.930008,9.59375,9.8828125,7.921875,11.28125,227.391952515,269.157745361,222.208557129,312.503326416,0.177307319815,1.22695272831,-0.095861209907
0.939991,9.9453125,9.84375,8.40625,11.0,232.464660645,268.599853516,222.810562134,308.823059082,0.0421853433926,0.764478122494,-0.0281105252668
0.949996,10.515625,9.3203125,8.828125,10.5859375,238.976455688,266.622070312,224.986038208,305.131866455,0.119512861621,0.583014800491,-0.0751530849133
0.960004,10.7890625,9.046875,9.3984375,10.203125,244.993774414,263.586181641,228.435699463,300.150817871,-0.00848791354101,0.473563443515,0.0232048686956
0.969995,11.09375,8.8828125,9.75,10.1328125,252.231063843,260.299163818,233.287780762,295.793304443,-0.0183213401716,0.345773763429,-0.0225406720464
0.980012,11.1953125,8.7734375,10.140625,10.0078125,258.878143311,256.575286865,239.056259155,290.841552734,0.0783396285169,0.282033503788,-0.0166683609325
0.99,11.4453125,8.2890625,10.515625,9.6875,263.683044434,253.266281128,243.451934814,287.573059082,0.126974033195,0.122815107583,-0.0147704575957
0.999993,11.515625,8.5234375,10.6328125,10.0546875,269.329467773,250.123626709,249.025756836,284.395355225,0.00416897852031,0.0603382154433,0.00277430808848
1.009996,11.4921875,8.6484375,11.0390625,9.8359375,273.893157959,248.24710083,254.793487549,281.775238037,0.00267673226721,0.100801295326,0.0167966931231
1.02,11.5,8.7890625,11.125,10.140625,277.948425293,246.698455811,259.968017578,279.900695801,-0.00237233367442,0.134551967015,-0.00609820056334
1.030001,11.703125,8.9296875,11.4453125,10.140625,282.290802002,246.430892944,265.962799072,278.848083496,-0.093793097207,-0.0679838306011,-0.0394408045812
1.040014,11.5390625,9.3203125,11.078125,10.90625,285.179595947,247.071380615,269.840942383,280.000061035,0.0670646409304,0.239821010989,0.0184776676394
1.050004,11.609375,9.59375,11.21875,11.1171875,288.131744385,248.980117798,273.338317871,282.059082031,0.0507780779833,0.208670427781,-0.0549749673392
1.059996,11.7421875,9.6875,11.3203125,11.265625,290.782989502,251.068740845,276.899932861,284.248443604,0.00151945644245,0.0974806061695,0.00695953505076
1.070007,11.2890625,10.3515625,10.7890625,11.9453125,292.175170898,255.167312622,278.584899902,288.711273193,-0.0512920881017,0.284449463157,-0.0261295271023
1.080059,11.2734375,10.53125,10.859375,12.0390625,292.696411133,259.427215576,279.830535889,292.87689209,-0.0515288970777,0.0826988028358,-0.0200640414422
1.089993,11.25,10.6953125,10.875,12.1015625,293.20223999,262.472442627,280.78503418,295.60357666,0.00993495009308,0.294395440148,-0.0179955443876
1.099994,11.015625,11.0390625,10.484375,12.5,292.990936279,267.052337646,280.660461426,300.31652832,0.00617782054958,0.169048006952,-0.0524128484267
1.110006,10.6875,11.2890625,10.2734375,12.6171875,291.457336426,271.378265381,279.527038574,304.085632324,-0.0634967011666,0.0644907409694,0.00492992841385
1.119991,10.5,11.5390625,9.9296875,12.8984375,290.164337158,276.520019531,277.471710205,309.239074707,0.0941136139398,0.144753621295,-0.0745035024714
1.129994,10.4375,11.484375,9.546875,13.078125,287.913360596,280.194519043,274.311859131,313.175231934,-0.0359836346269,-0.00592948676139,0.022670857583
1.140004,10.2734375,11.546875,9.2734375,13.1484375,286.06628418,284.306396484,271.124389648,317.580444336,-0.0204293092711,-0.0797972173478,-0.0747834115662
1.150056,10.0625,11.5703125,9.078125,13.1328125,282.825469971,287.357696533,267.082397461,320.419616699,0.00193901616795,-0.242667540603,0.0525471978039
1.15999,10.2265625,11.0859375,8.375,13.296875,281.797973633,288.833312988,261.96875,324.468231201,-0.0033500049244,-0.426781627649,-0.0630357319727
1.169991,10.40625,10.6484375,7.7578125,13.453125,280.367919922,287.929992676,255.316619873,327.078063965,-0.156064266499,-0.616915288915,0.0313153373575
1.180012,10.765625,9.9453125,7.21875,13.4296875,281.425628662,284.753417969,246.562698364,330.921173096,0.0310350264375,-0.948195905082,-0.0525302104986
1.190001,10.7890625,9.5546875,6.6484375,13.421875,281.378082275,281.485626221,240.172668457,332.168212891,-0.252565857634,-0.865009845532,0.0140291294375
1.199997,11.125,8.796875,6.4765625,13.25,283.335357666,275.559295654,232.342132568,334.287078857,-0.286573103439,-1.28146156096,0.0268996716587
1.209999,11.171875,8.2421875,5.9453125,13.2734375,284.598266602,268.083221436,224.808120728,334.845275879,-0.410283687183,-1.45844820098,0.00514818136483
1.21999,11.3359375,7.734375,6.4765625,12.96875,286.747131348,260.43069458,218.315338135,335.586273193,-0.669257899464,-1.84377558578,-0.0070182684987
1.230013,10.7109375,8.1875,7.42578125,12.5234375,286.252685547,254.833297729,215.497390747,333.800018311,-0.74069282023,-1.69357058273,0.0692569642012
1.23999,10.3359375,8.578125,8.7734375,11.859375,285.128662109,252.19934082,218.579956055,330.575866699,-1.08459442771,-2.06638776349,-0.0334557203554
1.250004,9.5,9.0390625,9.6640625,11.40625,281.075531006,250.928192139,223.785507202,326.145812988,-1.16202029411,-2.21414016538,-0.0370625905737
1.260013,9.1328125,9.140625,10.5390625,10.8125,276.250762939,250.648635864,232.427459717,319.865661621,-1.19031903662,-2.34237853861,-0.0720503946552
1.269994,8.2421875,9.875,11.1796875,10.6796875,269.403900146,252.846710205,240.752426147,314.59777832,-1.34768114023,-2.3338545336,-0.0946069446201
1.280007,7.55078125,10.2265625,12.0234375,10.0390625,260.403778076,256.180786133,251.704299927,306.619903564,-1.54289708644,-2.62822966119,-0.10159478942
1.289999,6.92578125,10.4375,12.1796875,9.953125,252.464584351,259.730407715,259.104797363,301.593902588,-1.25609788937,-2.83343174362,-0.262841191512
1.299994,6.7890625,10.453125,12.4765625,9.515625,244.527786255,262.959350586,267.396057129,294.968322754,-1.35670121882,-2.90564660125,-0.212082867022
1.309993,6.671875,10.765625,12.4375,9.75,236.868469238,266.85748291,274.619720459,290.1144104,-1.14116545051,-2.79316853392,-0.244957105569
1.319994,6.89453125,10.6953125,12.375,9.6484375,230.836105347,269.949707031,281.560913086,285.112518311,-1.22912393537,-2.90187890196,-0.205560021315
1.329999,6.890625,10.9296875,12.1875,9.9609375,225.334182739,272.958221436,286.557342529,282.224884033,-0.852260922401,-3.16176200786,-0.352139606136
1.339996,7.19921875,10.734375,11.8671875,9.9921875,221.759979248,275.275939941,290.417266846,279.804504395,-0.760871619159,-3.2467258818,-0.312260261777
1.350002,7.6484375,10.5859375,11.4453125,10.234375,220.174163818,276.39553833,291.749328613,278.648773193,-0.56541564937,-3.46345263667,-0.384030269806
1.35999,8.5,10.1328125,11.0546875,10.40625,221.517623901,276.144042969,292.161773682,278.273956299,-0.254647754685,-3.38299442271,-0.385203110169
1.369993,8.953125,10.203125,10.640625,10.9140625,223.842391968,275.539093018,290.893310547,279.5284729,-0.0758861538169,-3.67854171514,-0.379452933529
1.380014,10.609375,8.984375,10.921875,10.6640625,232.673614502,270.469940186,290.794586182,280.145996094,0.278086695286,-3.92190363296,-0.421580402448
1.389991,11.8125,7.83203125,11.2578125,10.265625,240.956466675,264.259307861,291.629302979,279.536621094,0.153106600192,-3.58042126933,-0.264220768021
1.399999,12.921875,6.42578125,11.359375,10.390625,252.438903809,252.617935181,292.978271484,278.877563477,0.327597381693,-3.45727538391,-0.345870154885
1.410003,13.1953125,5.76953125,11.7421875,10.2890625,264.128967285,240.517303467,295.503814697,278.5496521,0.347469861713,-3.67446280515,-0.347278336689
1.419955,13.75,4.8203125,11.765625,9.9765625,275.310546875,225.909500122,297.629089355,277.630096436,0.40759803878,-3.59611832003,-0.398811800289
1.429955,13.7890625,4.01171875,11.90625,9.9765625,285.148956299,212.190307617,300.072235107,276.220062256,0.306185666623,-3.49339110547,-0.403715790467
1.439994,14.1875,4.015625,12.40625,10.234375,295.627807617,199.629486084,303.041107178,275.116943359,0.320946720636,-3.16418087901,-0.387032497944
1.450001,13.96875,4.00390625,12.203125,9.9140625,304.532104492,188.977371216,305.860900879,273.836975098,0.319293413822,-3.00193239479,-0.484167994514
1.460012,14.2265625,3.99609375,12.53125,9.875,312.835357666,178.762771606,308.77835083,271.72567749,0.249178156848,-2.8465508584,-0.449110249557
1.469996,13.8671875,4.86328125,12.5234375,9.71875,319.144927979,173.970733643,311.490081787,270.626037598,0.0234979419329,-2.61468305101,-0.456123438461
1.480013,13.7265625,5.41796875,12.3359375,9.7109375,324.703399658,170.375747681,313.230377197,268.037841797,0.0146542442197,-2.21394840742,-0.410034672039
1.49,13.21875,6.62890625,12.4140625,9.1953125,327.784515381,172.361221313,315.023590088,265.90032959,-0.264480405327,-1.91785137155,-0.413401151796
1.499999,12.765625,7.37890625,12.0546875,9.140625,328.099121094,176.08404541,315.144561768,262.978302002,-0.269873155553,-1.68115644403,-0.368454454082
1.510037,12.1328125,8.203125,11.7734375,8.9296875,327.351226807,182.787979126,314.921508789,259.716583252,-0.508699550207,-1.2055609065,-0.283553730759
1.520002,11.75,8.671875,11.546875,8.703125,324.672515869,189.975784302,313.086730957,256.192993164,-0.253787126667,-1.1776775464,-0.370244591107
1.529994,11.1796875,9.40625,11.2265625,8.8125,320.885803223,198.604171753,311.131072998,253.471237183,-0.540018480697,-0.8577987024,-0.316640459123
1.539984,10.9140625,9.703125,10.9140625,8.9296875,316.228302002,207.592575073,307.552856445,251.784637451,-0.263753625861,-0.813294082273,-0.276468842265
1.549994,10.2265625,10.3125,10.6171875,8.96875,310.540649414,216.644897461,304.426727295,250.087875366,-0.559170657043,-0.464470081331,-0.207523420701
1.560002,9.96875,10.328125,10.2578125,9.0234375,304.45703125,224.881591797,299.814971924,249.274627686,-0.330113739123,-0.41939088613,-0.181115539393
1.570002,9.46875,10.4140625,9.890625,9.078125,297.104797363,232.899124146,295.190155029,248.330734253,-0.624229112941,-0.031245396481,-0.0849044038084
1.580011,9.0546875,10.5078125,9.734375,9.1640625,288.574493408,240.49911499,289.391265869,247.85118103,-0.265883532286,-0.0549625107584,-0.127174142137
1.590008,8.640625,10.59375,9.421875,9.4140625,282.799865723,245.014770508,285.857116699,248.289398193,-0.284676209033,-0.071248520468,-0.181007326123
1.599988,8.9296875,10.3359375,9.234375,9.765625,276.852050781,249.722961426,280.752716064,250.293441772,-0.0249189617601,-0.0983851961918,-0.161269183833
1.610003,9.171875,10.1015625,9.0234375,10.078125,272.444915771,252.787918091,275.807312012,252.526062012,-0.0146264265609,-0.144273422728,-0.176936126521
1.620003,9.515625,9.8359375,8.9765625,10.203125,270.195587158,254.749084473,271.430541992,255.693572998,0.0559075045943,-0.089364511955,-0.0797705687674
1.629991,9.6953125,9.5859375,8.8359375,10.375,268.324279785,255.165023804,266.885223389,258.220794678,0.0784197606119,0.0608067436096,-0.0708168437477
1.640002,9.984375,9.59375,9.078125,10.46875,268.421813965,255.895889282,264.123718262,261.568328857,0.110512652998,-0.139228909349,-0.130708118937
1.650001,10.3359375,9.6328125,9.1015625,10.9453125,268.782989502,256.267272949,261.689178467,265.363891602,0.225776533577,-0.123275867129,-0.075121323253
1.660015,10.765625,9.6171875,9.28125,11.1640625,271.620697021,256.939208984,260.091766357,270.367767334,0.325278233076,-0.0653664752845,-0.156894821687
1.669994,11.25,9.5234375,10.46875,10.4140625,274.662719727,257.247528076,262.061187744,271.419555664,0.330500143539,-0.447452819667,-0.101828698266
1.680061,11.6953125,9.4296875,10.8125,10.1796875,280.252166748,257.633239746,266.362365723,271.510864258,0.308685252219,-0.217747623781,-0.108288428301
1.689984,12.3046875,8.9140625,10.96875,10.0234375,285.520599365,256.209411621,269.736297607,270.942779541,0.364625141594,-0.198659413345,-0.104691790066
1.699989,12.6015625,9.171875,11.7578125,9.40625,290.550567627,255.650115967,274.315429688,268.397583008,0.43508410469,-0.21890767562,-0.0708087490085
1.710013,13.0625,8.9609375,11.8515625,9.3359375,297.052703857,254.55317688,279.443511963,265.945526123,0.387687950528,-0.206823709112,-0.11125566853
1.719991,13.6015625,8.6484375,11.8359375,9.3359375,304.330718994,252.194107056,284.320007324,263.386901855,0.50519176775,-0.0566162601625,-0.0241991385287
1.73,13.5,8.9609375,12.28125,8.671875,310.370269775,251.310165405,289.654022217,259.173522949,0.484357516237,-0.0185520693578,-0.0658317364373
1.740061,13.46875,9.1875,12.6796875,7.890625,315.77557373,251.196975708,295.439605713,253.100082397,0.495772612695,0.0914524596779,-0.00327248833286
1.749993,13.546875,9.1171875,12.5,7.87109375,320.963195801,250.865203857,300.156341553,247.083724976,0.466713826579,0.425197481355,0.0452911288693
1.760003,13.3671875,9.4453125,12.703125,7.2109375,324.555938721,251.62789917,304.339263916,240.687072754,0.60571813312,0.448809055374,0.0382251581887
1.770001,13.0859375,9.8125,12.78125,6.89453125,326.602996826,253.812072754,308.846405029,233.330703735,0.647194272531,0.830767537817,0.070497305372
1.779995,13.1171875,9.5859375,12.28125,7.42578125,329.319519043,254.764694214,311.180725098,227.866348267,0.793251298969,0.894615524597,0.102923917337
1.789998,12.8359375,9.640625,12.296875,7.125,329.85760498,255.668640137,312.634613037,224.600341797,0.884101433736,1.14267712333,0.0918805182811
1.800004,12.8125,9.1796875,11.4765625,8.0703125,330.671936035,254.745361328,311.414581299,224.041824341,0.991088287931,1.46862176695,0.227766493427
1.81,12.9765625,8.4453125,10.8046875,8.7734375,331.351898193,251.673751831,308.442718506,225.408920288,0.920153791838,1.75730180917,0.146588751072
1.819992,12.140625,9.0390625,10.84375,8.7109375,329.72454834,250.853713989,305.405212402,227.013320923,1.08460694199,1.93654870698,0.161920181279
1.83001,12.203125,8.3359375,10.1015625,9.484375,328.037811279,247.806930542,300.856445312,230.051681519,1.06742896054,2.07650308153,0.158344098476
1.840022,11.9765625,7.8359375,9.3984375,9.8984375,326.418640137,243.159484863,294.344238281,235.460601807,1.17801592576,2.3354462644,0.162071269098
1.850002,11.890625,7.3359375,8.953125,10.1875,324.089355469,237.546722412,287.430511475,239.87538147,1.10733505967,2.4857640613,0.17288957386
1.860008,11.5703125,7.16015625,8.40625,10.6171875,321.682128906,231.731491089,279.15435791,246.220031738,1.05576878262,2.77322002663,0.12380802287
1.869991,11.640625,6.65234375,8.203125,10.8046875,319.081298828,225.165206909,271.584136963,251.410873413,0.98510384993,2.67134686381,0.151402968962
1.880009,11.2578125,6.515625,7.765625,10.8671875,316.037902832,218.11579895,262.623962402,257.254699707,0.86978578142,2.93554825683,0.104157626478
1.889994,11.1953125,6.1640625,7.89453125,10.6796875,313.449554443,212.58114624,256.951141357,260.022277832,0.89173800748,2.99258463038,0.0961895843235
1.899995,11.0625,6.34765625,7.8046875,10.8125,311.066436768,208.037231445,251.666259766,263.779296875,0.725497660352,3.31827834616,0.0465206811876
1.909995,11.28125,6.140625,7.87109375,10.9765625,308.932922363,202.948623657,246.717300415,266.879882812,0.47936610018,3.10674925078,0.066991339309
1.919995,11.078125,6.26953125,7.9609375,10.8125,307.092803955,199.27722168,242.932357788,269.855224609,0.51010657771,3.33524863427,0.0132205611815
1.929997,10.8359375,6.625,8.5625,10.2890625,304.260406494,197.144821167,241.61428833,270.07208252,0.100655561797,3.53243076959,0.117238940702
1.939993,10.75,6.83984375,8.984375,9.953125,301.833374023,196.241775513,241.560470581,269.620147705,-0.0117957632795,3.40381706624,0.0416453211834
1.950003,10.28125,7.4609375,9.2890625,9.578125,298.190429688,197.17149353,242.576538086,267.482330322,0.0103967479687,3.78471639796,0.0384739998737
1.959991,10.046875,7.91015625,9.7578125,9.3828125,293.887420654,200.096313477,245.073165894,265.10345459,-0.248595856998,3.58676945918,0.0478217637087
1.969992,8.9765625,9.2890625,9.4140625,10.046875,286.735778809,206.740631104,246.076126099,265.072906494,-0.0768078952633,3.38040520979,-0.0959321689772
1.980061,7.95703125,10.015625,9.0859375,10.3828125,275.674743652,216.824127197,246.015045166,266.759155273,-0.281070094032,3.54193304261,0.0180551981151
1.989995,7.40234375,10.390625,8.8359375,10.9140625,267.739746094,223.745895386,245.050765991,269.162200928,-0.478865036508,4.00557725097,0.151033973188
1.999991,4.9609375,11.7890625,9.1328125,10.8984375,252.063583374,234.88671875,244.983657837,271.597045898,-0.586937691719,3.81034812255,0.0942323844323
2.010001,4.125,11.8984375,8.875,11.3125,235.775894165,245.187408447,244.41545105,275.419586182,-0.321358851133,3.52956536558,-0.0837259982115
2.019993,3.9140625,11.9609375,8.6796875,12.015625,219.815383911,254.958999634,243.220397949,280.919708252,-0.10729134763,3.29265593935,-0.136652339336
2.029997,4.19921875,12.15625,8.9140625,12.3359375,208.365982056,263.462188721,242.667312622,286.734863281,-0.0559802205407,2.97469654084,-0.274025805035
2.040001,5.23828125,11.7734375,8.7421875,12.7109375,200.332672119,270.260650635,241.793228149,292.747955322,0.0667252642499,2.97323514007,-0.129762282909
2.05,5.80078125,11.7265625,8.7265625,12.921875,195.355880737,276.21875,241.041992188,299.133850098,0.0297888700318,3.01961551295,-0.11822652066
2.060009,6.36328125,11.8125,8.671875,13.21875,192.249969482,282.023345947,240.169967651,305.608306885,0.133540270378,2.50020978984,-0.212629385542
2.070004,6.8828125,11.5390625,8.5859375,13.0859375,192.009170532,285.356384277,239.134628296,310.190032959,0.0984530713223,2.14670678406,-0.187972161079
2.080017,7.67578125,11.1953125,8.5078125,12.9609375,194.727416992,287.960540771,237.851242065,314.834686279,0.367864734519,2.18632692049,-0.252071226236
2.090002,8.046875,11.1875,8.7734375,12.7109375,197.375839233,289.421295166,237.644180298,316.863739014,0.3443419033,1.55730849934,-0.219517112524
2.099995,8.71875,10.671875,8.421875,12.53125,201.927307129,289.341430664,236.692199707,318.086456299,0.542101741037,1.2548141946,-0.303825908817
2.110049,9.484375,10.1953125,8.7265625,12.1015625,208.914398193,287.568908691,236.782943726,317.639404297,0.501438572203,1.11265728298,-0.193195546026
2.120001,10.34375,9.75,8.4921875,12.1640625,217.670089722,284.255004883,236.08241272,317.595062256,0.587221511327,0.769231923202,-0.185683306422
2.130005,10.828125,9.4296875,8.6015625,11.8515625,226.36328125,280.458221436,235.995651245,316.293487549,0.467531074101,0.648197209716,-0.117486782029
2.139991,11.4296875,8.921875,9.0546875,11.328125,236.687026978,274.769989014,237.343643188,313.811676025,0.576939293446,0.418501376562,-0.19800811001
2.149998,11.875,8.640625,9.1875,11.296875,245.75831604,269.589782715,238.857971191,310.978149414,0.554278636499,0.287937694608,-0.0999907614202
2.160003,12.1875,8.265625,9.4609375,10.9140625,255.710067749,263.871551514,241.39213562,307.889587402,0.541256431948,0.0450269098679,-0.138200488643
2.169995,12.4375,8.1328125,9.7734375,10.7578125,265.068939209,257.643280029,244.362609863,303.894866943,0.422580002234,-0.0778521913883,-0.0696450666217
2.180017,12.8203125,7.74609375,9.9921875,10.59375,276.154174805,250.674453735,248.49911499,300.079284668,0.464838468347,-0.0964171361819,-0.123781047894
2.189994,12.7890625,8.0,10.203125,10.5,281.875183105,247.057662964,250.867721558,297.315307617,0.328687239271,0.00836286856366,-0.0786410114302
2.19999,13.015625,7.86328125,10.53125,10.28125,289.743255615,243.141708374,255.494003296,294.074523926,0.259310280149,-0.223744845986,-0.0701012244123
2.210001,12.84375,8.2421875,10.5,10.515625,295.726165771,240.825515747,258.824645996,291.463256836,0.165203196577,0.0042476036298,-0.0409276394874
2.220002,12.78125,8.6015625,10.7734375,10.484375,301.268951416,240.086349487,262.847198486,289.879119873,0.138145793269,-0.0243896731173,-0.0538399670188
2.229991,12.6328125,9.0390625,10.890625,10.59375,305.020690918,240.734848022,266.720916748,288.0078125,-0.0489443932536,0.0102008445357,-0.0176628845949
2.239995,12.78125,9.1796875,10.7265625,11.0234375,309.136779785,242.096206665,269.575256348,288.585632324,-0.126314878661,-0.0491884084662,-0.0503319739002
2.250003,12.4609375,9.71875,10.890625,11.1484375,311.158569336,244.89465332,272.326904297,289.052062988,-0.0941713180253,0.170090570695,-0.0149701128681
2.260019,12.140625,10.3046875,11.1484375,11.1484375,312.729675293,250.016311646,276.001647949,290.197174072,-0.22474138266,0.241709224855,-0.00487915627191
2.270004,12.0859375,10.6015625,11.15625,11.421875,313.010864258,254.338302612,278.465515137,291.316833496,-0.28722146008,0.22844021558,-0.00143702876342
2.28006,11.625,11.1171875,11.2421875,11.5078125,312.399871826,261.535919189,281.956970215,293.613067627,-0.405852861616,0.362624554272,0.031482207837
2.289992,11.4609375,11.2265625,11.3125,11.53125,310.785095215,266.245819092,284.061431885,294.586456299,-0.422125061579,0.207605470991,0.0126165869872
2.299994,11.4140625,11.1953125,11.21875,11.6640625,309.748168945,270.379699707,285.996887207,296.088806152,-0.361699065678,0.42106493105,-0.00245443744876
2.31001,11.1796875,11.34375,11.2578125,11.625,308.097930908,274.643463135,287.795257568,297.604827881,-0.467385437184,0.225686508477,0.010823258473
2.319994,11.0546875,11.2890625,11.2734375,11.6171875,305.73348999,278.16305542,289.475128174,298.217529297,-0.314686318302,0.323003998539,0.00220987063082
2.33,11.109375,11.1484375,11.0,11.84375,304.544525146,281.325317383,290.347595215,300.581573486,-0.33189987038,0.389458598723,-0.00123570518457
2.34,11.0,11.1328125,11.1640625,11.703125,302.300048828,283.054412842,290.864532471,300.888305664,-0.396937282669,0.187630606171,0.00719052210578
2.350024,11.015625,10.984375,11.09375,11.6640625,301.506530762,285.150695801,291.879577637,302.411193848,-0.257990882365,0.116896384133,0.00425546477953
2.360004,10.734375,11.0625,10.375,12.125,298.765930176,285.906524658,289.629211426,303.661407471,-0.229869120585,0.367836082343,-0.0410809635732
2.369992,10.4765625,11.2109375,10.1484375,12.1171875,296.812591553,288.404510498,287.762084961,306.466278076,-0.30248787547,-0.0399387463056,0.00718377035434
2.380013,10.6328125,10.8203125,10.2265625,11.9140625,294.026885986,288.059417725,285.064727783,306.56463623,-0.13114879201,0.0751672320386,-0.00688774590905
2.390001,10.6484375,10.6640625,9.25,12.40625,293.430969238,288.407592773,281.972137451,309.14932251,-0.143858687838,0.0806713675493,-0.0592679587882
2.400001,10.375,10.6171875,9.171875,12.1796875,290.703613281,287.234832764,276.94921875,309.791412354,-0.226131152985,-0.342068061917,0.0564843124908
2.409997,10.2109375,10.6953125,8.640625,12.3125,288.584442139,287.427490234,271.696624756,311.957855225,-0.00353210433278,-0.207166323974,-0.0755546304293
2.41999,10.1328125,10.46875,8.1640625,12.3203125,285.890167236,285.885345459,264.967773438,312.804840088,-0.271047655884,-0.291110119492,0.0645829433454
2.430002,10.140625,10.375,8.1796875,12.125,284.065887451,284.960388184,259.390289307,313.725921631,-0.0271050870518,-0.89104504411,-0.0705790169257
2.440018,9.8046875,10.453125,7.93359375,12.1171875,280.989074707,283.877349854,253.471603394,313.759185791,-0.144988492075,-0.494001492149,0.0457405004757
2.450013,10.2578125,9.921875,7.375,12.3359375,279.956878662,281.610687256,247.232009888,314.888000488,-0.200077565868,-0.861834732569,0.00896076217794
2.459994,10.703125,9.171875,6.89453125,12.421875,280.722381592,276.667480469,240.094772339,315.926635742,-0.278421957388,-1.16256117473,0.0914083455544
2.469991,10.6875,9.046875,6.34375,12.6484375,281.245361328,271.219238281,230.493682861,318.04006958,-0.285443837122,-1.22251904531,-0.0676022363233
2.480011,10.890625,8.3359375,6.16015625,12.5546875,282.404846191,264.330505371,222.375396729,318.999328613,-0.543410004073,-1.49038791693,0.150668960766
2.490002,10.953125,8.2265625,6.62890625,12.4375,283.273132324,259.82623291,218.264938354,319.608398438,-0.47710127375,-1.60283741339,-0.0129585015038
2.499994,10.3515625,8.671875,7.4609375,12.09375,282.544525146,256.251312256,216.754547119,318.997833252,-0.835353599072,-1.65726872173,0.112285946112
2.509985,9.4921875,9.3046875,8.8359375,11.40625,279.130218506,255.645553589,219.232574463,316.524932861,-0.869783079264,-2.24462827598,-0.0190016968494
2.520002,8.578125,9.9296875,9.7265625,10.953125,273.122711182,257.071166992,224.820831299,312.462127686,-0.902399971525,-1.77748840891,0.022018979225
2.530003,8.2265625,10.203125,10.6171875,10.5625,266.250152588,259.415435791,232.442321777,307.92678833,-1.09554359422,-2.30632577627,0.00201541563965
2.539991,7.6796875,10.515625,10.859375,10.5546875,259.109985352,262.361907959,239.908843994,303.712219238,-1.13628447334,-2.33742647921,-0.0448463225374
2.550013,7.40625,10.6171875,11.1953125,10.2734375,251.926116943,265.285095215,246.989074707,299.536407471,-1.02758025894,-2.61397542286,-0.22468268064
2.559991,7.25390625,10.6328125,11.3984375,10.1171875,245.062606812,267.990386963,254.662704468,294.941192627,-0.912766375557,-2.66212076981,-0.0568224372911
2.569991,8.1953125,10.3515625,11.1328125,10.515625,242.025299072,269.368286133,260.02166748,292.430755615,-0.958473445582,-2.80040297539,-0.191840065135
2.580014,8.1328125,10.5625,11.140625,10.4453125,238.885299683,271.435882568,265.60043335,289.910919189,-0.897516056633,-2.92477597026,-0.118662301628
2.589994,8.515625,10.5390625,11.1640625,10.34375,238.130874634,272.527496338,268.978729248,288.01184082,-0.688956538049,-3.12428028295,-0.259602835177
2.6,8.875,10.5,10.9609375,10.4921875,238.442825317,273.66784668,272.143280029,286.745239258,-0.602996887209,-3.25569081143,-0.18867880994
2.610011,9.265625,10.375,10.6953125,10.578125,239.832992554,274.04888916,273.696563721,285.575439453,-0.383644885764,-3.41873334272,-0.241788262932
2.61999,9.625,10.2421875,10.46875,10.6796875,242.69241333,274.270690918,274.701141357,285.217041016,-0.414696600473,-3.33215401286,-0.19606425784
2.629998,10.125,9.9296875,10.0078125,11.1015625,246.060455322,273.052856445,273.695129395,285.927307129,-0.40051228228,-3.24629438839,-0.106286180361
2.640007,10.0,10.046875,9.578125,11.4296875,249.397583008,272.676330566,271.769897461,288.174224854,-0.184545826664,-3.52054426277,-0.209785738559
2.649995,10.578125,9.234375,10.359375,10.8125,253.390945435,269.20993042,272.046600342,287.582611084,-0.208900176656,-3.91169688066,-0.192815997866
2.660009,11.5546875,7.68359375,10.8203125,10.375,261.065490723,260.715698242,274.724029541,285.843322754,-0.0059627013654,-3.7800746522,-0.262569966053
2.670001,12.1796875,6.58984375,11.7890625,9.6796875,267.873046875,250.730499268,279.119659424,282.018157959,0.0101807064816,-3.86341959393,-0.181455444841
2.680013,12.9375,5.48828125,12.453125,9.3203125,278.907836914,234.59135437,287.370880127,276.38470459,0.0755117686369,-4.03020041895,-0.284837226287
2.690009,13.21875,4.7890625,12.7109375,9.34375,285.766784668,222.840896606,292.429046631,272.800018311,-0.0499826386446,-3.58622902789,-0.247289480812
2.699999,13.4140625,3.833984375,13.078125,8.921875,293.068847656,209.749191284,298.559143066,268.643157959,0.0619069232417,-3.57826381601,-0.300752415472
2.709996,13.4453125,3.85546875,13.328125,8.8984375,300.698944092,196.522003174,305.469726562,264.230926514,-0.0808792064773,-3.31740359288,-0.307330722243
2.720008,13.3046875,3.8671875,13.2265625,8.8125,306.382751465,185.590911865,310.546600342,260.357727051,-0.223698396848,-3.0463638804,-0.34657821732
2.73,13.2421875,4.48046875,13.078125,8.7265625,311.68081665,177.880767822,315.375366211,256.71295166,-0.205490684129,-2.83769534378,-0.311702951193
2.740045,13.0078125,5.33203125,12.8828125,8.6640625,315.098602295,173.543624878,318.348327637,252.759872437,-0.19045335803,-2.59081421472,-0.400453487082
2.749995,12.59375,6.5546875,12.8828125,8.375,317.546508789,174.601928711,321.216217041,249.302719116,-0.267056058286,-2.38696800246,-0.404362482551
2.760003,12.5859375,7.0390625,12.5625,8.515625,318.654724121,177.131118774,322.047454834,246.056488037,-0.105625188627,-2.14895907808,-0.434870248502
2.769998,12.40625,7.5703125,12.140625,8.5078125,320.32232666,181.714279175,322.02444458,243.783813477,-0.360638213021,-1.7028928635,-0.210902101896
2.780002,11.875,8.375,11.9140625,8.0390625,318.783111572,189.204498291,320.299682617,238.968383789,-0.342212405616,-1.44031075258,-0.285127081247
2.789994,11.3515625,8.953125,11.4765625,8.015625,317.584381104,194.751449585,318.929534912,237.119247437,-0.577405600432,-0.87000943602,-0.110789364962
2.799992,11.0703125,9.2421875,10.90625,8.4375,313.948913574,202.2552948,314.278045654,235.457138062,-0.165207781125,-1.08657285186,-0.303936377353
2.810003,10.3671875,10.109375,10.6640625,8.65625,309.538909912,211.466171265,310.488800049,235.174697876,-0.204724527754,-0.705973214077,-0.171605234079
2.819996,10.5625,9.890625,10.140625,9.1953125,305.29019165,218.965011597,304.47769165,236.496444702,0.0196421759535,-0.703003015483,-0.226977722998
2.82999,10.3359375,10.0625,9.9140625,9.3828125,301.864013672,225.933914185,299.382415771,238.846450806,-0.334018501569,-0.360347322316,-0.0140853441986
2.840046,9.84375,10.3359375,9.6484375,9.53125,296.523071289,232.603637695,293.754119873,240.684539795,-0.105876230948,-0.298602235369,-0.0908973760373
2.849994,9.2890625,10.609375,9.625,9.625,290.793762207,239.785614014,289.269226074,243.093536377,-0.122057649638,-0.142879415453,-0.0662266315943
2.86002,9.6328125,10.0859375,9.375,10.0234375,285.915161133,244.492980957,283.675628662,246.275192261,0.113157722605,-0.302113279016,-0.0791964129893
2.869996,9.421875,10.140625,9.3203125,10.1875,282.235931396,248.052505493,279.883789062,249.400039673,-0.0289886006504,-0.0670395355916,-0.0828631609838
2.88003,9.671875,9.6875,9.265625,10.359375,278.495239258,250.390029907,274.976074219,253.626846313,0.146573994209,-0.181966873019,-0.0333880710472
2.889999,9.734375,9.5546875,9.3203125,10.453125,276.470214844,251.404663086,272.199890137,256.589447021,0.116285529849,-0.227862227585,-0.0827940936403
2.899995,10.3125,8.7890625,9.609375,10.2890625,276.349945068,250.196624756,270.45803833,258.946929932,0.189085060592,-0.268283791355,-0.0795000705349
2.910008,10.5390625,8.5625,9.6796875,10.3984375,276.713592529,247.83480835,269.017883301,260.841766357,0.306388396165,-0.331236077631,-0.103752881844
2.919997,10.7265625,8.3046875,9.78125,10.328125,278.37713623,244.796310425,268.29473877,263.018981934,0.22051667684,-0.281574351543,-0.0470545794607
2.93,11.5859375,7.26953125,9.921875,10.390625,281.39541626,238.750564575,267.938964844,264.455780029,0.211639880961,-0.151236331072,-0.0934943663876
2.939998,11.7421875,7.26171875,10.296875,10.171875,285.585327148,233.270095825,269.370727539,265.386138916,0.159970182009,-0.148349153055,-0.0651072339808
2.950021,12.1484375,7.10546875,10.7734375,9.8828125,289.462371826,227.939697266,271.651702881,264.848815918,0.183170927629,-0.230947755831,-0.125623388099
2.959997,12.4375,7.1328125,10.9296875,9.828125,294.622650146,223.855682373,274.850494385,264.507476807,0.155420810436,0.00103454261672,-0.107005534426
2.96999,12.671875,7.015625,11.296875,9.328125,299.089752197,219.560134888,277.940185547,262.129150391,0.111110114636,-0.26714936315,-0.15813179102
2.980012,12.9140625,7.01171875,11.4375,8.984375,305.476165771,215.553131104,282.602966309,258.757385254,0.113685732546,0.08847025874,-0.141005570671
2.989993,12.6171875,7.95703125,11.8125,8.265625,307.678833008,215.555252075,285.636901855,254.52142334,-0.0495558655342,0.364466787529,-0.0083796493154
3.000004,12.484375,8.5,12.3125,7.44921875,310.724060059,217.857131958,290.902069092,247.454711914,-0.0215431541264,0.258962774822,-0.103204734055
3.010004,12.15625,9.4765625,12.5078125,7.09375,312.149383545,222.897186279,296.021087646,239.613204956,0.01692867377,0.663585572086,-0.0276117204463
3.019991,12.0234375,10.0625,12.84375,6.40625,312.882995605,229.433609009,301.562103271,230.979614258,0.136381692556,0.651331604406,0.00989609243293
3.030003,11.8671875,10.4921875,12.8828125,6.3203125,313.350738525,236.236877441,306.351226807,223.399719238,0.19024374972,0.970894252749,0.0287018838217
3.040024,11.78125,10.6484375,12.65625,6.4453125,312.889373779,243.054275513,310.035522461,216.485427856,0.214363719952,1.10292566938,0.138603250065
3.049995,11.984375,10.3515625,12.1640625,7.15625,313.699981689,247.919540405,311.916717529,213.512695312,0.273194095122,1.40306788521,0.174815607664
3.060012,12.203125,9.96875,11.84375,7.94921875,314.315887451,250.798126221,311.944946289,213.543609619,0.617973917749,1.59765451495,0.105200034867
3.069993,12.2109375,9.7265625,11.4296875,8.875,315.631408691,252.814880371,311.173156738,217.026733398,0.548477727797,1.76285241932,0.192060640149
3.079996,12.25,9.1953125,11.046875,9.453125,316.390136719,252.121948242,308.172729492,222.281356812,0.782106484559,1.85350306305,0.117403302691
3.089996,12.2421875,8.6875,10.515625,10.0625,317.377929688,250.643234253,305.333343506,228.002090454,0.826163762608,2.13845018379,0.15536958646
3.100004,12.2265625,8.1484375,10.15625,10.5703125,317.493041992,246.456954956,300.566955566,234.380767822,1.04884163,2.25483981548,0.156651397154
3.109995,12.3203125,7.62890625,9.609375,11.0078125,318.519287109,241.551803589,295.306152344,242.104812622,0.868616628397,2.47841786446,0.135425348614
3.12,12.328125,7.0546875,9.4453125,11.203125,318.590423584,235.009796143,289.654876709,248.955627441,0.851404999814,2.48050055352,0.16272896232
3.13,12.09375,7.0625,9.078125,11.3515625,318.785247803,229.667556763,284.231048584,255.751754761,0.765967787457,2.76728698536,0.091465056024
3.139993,11.9765625,6.6953125,8.9765625,11.171875,318.042236328,223.324447632,278.282531738,261.136199951,1.04943507339,2.6909076814,0.00104096599613
3.150011,11.9375,6.4609375,8.8828125,10.984375,317.659118652,217.618438721,273.592285156,265.017791748,0.728139708258,2.95784557968,0.102575999934
3.16002,11.9609375,6.28515625,8.734375,10.8359375,317.422210693,211.422729492,268.520568848,268.148193359,0.479595014256,3.16379475412,0.132808034062
3.169993,11.328125,7.3359375,9.140625,10.140625,314.824371338,209.969467163,265.920166016,268.279998779,0.378753711118,3.01205885535,0.0542800252397
3.180017,11.109375,7.3984375,9.2265625,9.625,311.943939209,208.73425293,263.177581787,266.386260986,0.483579396324,3.10305071271,0.0485799078649
3.189996,11.2890625,7.26953125,9.125,9.578125,310.052398682,207.833450317,261.330505371,264.803222656,0.412289691686,3.31646614852,-0.0113176072622
3.199995,11.2421875,7.4375,9.5625,9.0234375,308.841156006,207.301071167,260.981689453,261.683654785,0.209379946235,3.27085048758,0.0636112446387
3.210001,11.078125,7.44140625,9.5546875,8.6796875,306.571655273,206.710372925,260.332336426,257.708374023,0.130659434031,3.51402567898,0.192798775544
3.219994,10.6875,7.81640625,9.3828125,8.7265625,303.843322754,207.621154785,259.704833984,254.098114014,-0.101543274266,3.93678844913,0.241125393777
3.230001,9.390625,9.1640625,8.625,9.4453125,297.387512207,212.713272095,256.492431641,253.657653809,-0.193240387247,3.54841874685,0.0624049537847
3.240002,8.3515625,9.65625,7.921875,9.9921875,288.409759521,219.332595825,251.263473511,255.200424194,0.315785165481,3.37014496176,0.0655516235182
3.249994,7.609375,10.1640625,7.28515625,10.859375,277.753631592,227.133605957,244.449554443,259.603302002,0.0595939711407,3.77540501882,-0.0235281108514
3.260013,7.40625,10.3515625,7.53125,11.171875,267.759338379,234.475753784,238.719787598,264.923034668,-0.110945564311,3.37539417304,0.192271371253
3.269996,6.4609375,10.7890625,7.01953125,11.796875,257.645111084,241.335021973,233.519775391,270.541900635,-0.175791530392,3.73256826439,0.270465201287
3.280018,5.75390625,11.046875,7.15234375,12.078125,242.700027466,250.254394531,227.614730835,278.031616211,-0.307523802726,3.48749040162,0.118355313909
3.290012,4.72265625,11.3671875,7.53515625,12.28125,230.819824219,256.476989746,225.112457275,283.670135498,-0.0906168671165,3.07217264851,0.0412910494127
3.299999,4.94140625,11.1640625,7.52734375,12.6640625,220.888214111,261.619140625,223.156295776,289.029907227,0.150582940026,3.01365068873,-0.0972958306432
3.309988,5.59375,10.8828125,7.875,12.75,212.954360962,265.805267334,222.179092407,295.058837891,0.201721181494,2.60280057945,-0.0844758776305
3.319992,6.44140625,10.578125,8.0,12.875,208.526809692,268.315673828,221.608703613,300.776702881,0.0753573344021,2.2237595575,-0.00562596024572
3.330001,7.06640625,10.4140625,8.3828125,12.703125,207.068405151,269.954345703,222.530136108,305.175354004,-0.00357334402134,2.372858924,-0.0460196495777
3.339991,7.3984375,10.4140625,8.984375,12.4296875,206.424362183,271.081634521,225.219573975,307.985412598,-0.130663335812,1.90254185528,-0.00758011401283
3.349994,7.7578125,10.140625,8.828125,12.34375,207.320159912,271.383789062,227.240997314,310.120452881,0.0631382148656,1.37083670672,-0.206179065043
3.360003,8.09375,9.765625,9.25,11.71875,208.86730957,270.38861084,230.218582153,309.46572876,0.139302297769,1.22126754252,-0.161667083944
3.369995,8.9609375,9.28125,9.6015625,11.296875,213.356506348,267.706390381,234.323852539,307.728088379,0.200249266721,1.03718380784,-0.215589741005
3.380018,9.6015625,9.1640625,9.9296875,11.0,220.168762207,264.285369873,239.423294067,304.465362549,0.205643461188,0.636337864493,-0.124622773504
3.389995,10.234375,8.578125,10.4140625,10.3984375,225.85925293,260.868713379,243.511825562,301.376434326,0.180345129865,0.499858278004,-0.197443036097
3.39999,10.84375,8.5625,10.65625,10.3203125,233.96307373,256.579162598,249.12828064,296.686889648,0.121139088911,0.525406905653,-0.12493252831
3.409994,11.125,8.796875,10.703125,10.265625,242.087860107,254.044052124,254.238677979,293.530731201,0.149665392597,0.253989017617,-0.126443472537
3.419996,11.359375,8.75,10.8515625,10.0078125,249.559051514,251.310562134,258.768463135,289.09387207,0.0773814268619,0.121847908538,-0.129027755894
3.429993,11.8359375,8.71875,11.078125,9.765625,257.767822266,249.263412476,264.197357178,285.251251221,0.202172833002,-0.00106254808508,-0.189634675916
3.439998,12.1953125,8.7578125,10.90625,10.1953125,265.851898193,247.218673706,267.87878418,282.709289551,0.250605393319,0.204577401501,-0.102358245625
3.450009,12.4921875,8.6640625,11.1328125,10.09375,273.903411865,245.733276367,272.11038208,280.892944336,0.318123718178,-0.0446523374718,-0.130365728938
3.460026,12.703125,9.046875,11.140625,10.3125,282.134307861,245.424667358,276.045562744,279.47052002,0.197235438065,0.0329143016828,-0.073623650904
3.470003,12.8125,9.2734375,11.1640625,10.6171875,288.669250488,246.280548096,278.953796387,279.527984619,0.125384645703,0.157627284941,-0.0688983090171
3.479996,12.8515625,9.421875,11.1484375,10.703125,296.311340332,247.757263184,282.207977295,280.060821533,0.180706073705,0.108426935696,-0.0461523072127
3.489994,12.7890625,9.8125,11.2578125,10.859375,301.005157471,249.775100708,284.358764648,281.047119141,0.104073072457,0.131705542225,-0.0369260224226
3.499991,12.84375,10.0,11.0859375,11.171875,305.536529541,252.101608276,286.037658691,282.710266113,0.14670772629,0.307355036148,-0.0586393160297
3.510005,12.703125,10.2734375,11.1640625,11.3125,308.948272705,255.035095215,287.419586182,284.515930176,0.0352231309631,0.207981408236,0.0274180290598
3.519993,12.703125,10.453125,11.0625,11.5390625,312.637512207,258.689575195,288.738433838,287.470703125,0.136391883774,0.299703562496,-0.0385123409017
3.53,12.6875,10.6015625,10.5390625,12.234375,315.224212646,261.984619141,288.004455566,291.662994385,-0.0319133085573,0.500655778703,0.0455014872657
3.54,12.5703125,10.7890625,10.71875,12.1875,317.439666748,265.300292969,287.842803955,295.746887207,0.0311687264886,0.397878074172,0.0106048698394
3.550033,12.25,11.109375,10.6484375,12.359375,317.97442627,269.347259521,287.51574707,299.452758789,-0.0994255390677,0.480002383464,0.0526847559591
3.560003,12.0859375,11.140625,9.9609375,13.0078125,318.427886963,273.23223877,285.081176758,304.975097656,-0.0738630863025,0.430431877516,0.031199000231
3.569999,11.5,11.6484375,9.65625,13.1953125,316.456573486,278.049499512,281.840545654,309.880706787,-0.177393659818,0.476116023447,0.0422560966548
3.580012,10.9609375,11.8828125,9.7734375,13.125,312.74130249,284.263214111,278.630645752,315.461730957,-0.251380950868,0.198758297282,0.0510407668306
3.589994,10.8828125,11.7265625,8.7578125,13.6015625,310.098052979,286.943481445,274.522521973,319.313415527,-0.249216509719,0.379861661172,0.0345643112786
3.600001,10.8046875,11.5078125,8.5234375,13.8125,307.219390869,289.893096924,268.699401855,324.915618896,-0.357916897241,-0.0258840643259,0.0550782364119
3.610001,10.828125,11.1640625,7.90625,14.0234375,304.578308105,290.963653564,262.042175293,329.509460449,-0.444191396813,0.0081656424628,0.047252603571
3.619985,10.90625,10.9453125,7.69140625,14.015625,302.683105469,291.337982178,255.09425354,334.499664307,-0.450740937689,-0.335338211949,0.0355610280911
3.629994,11.0078125,10.453125,7.328125,14.078125,301.328948975,289.554473877,248.392944336,337.959411621,-0.625018367487,-0.449688644881,0.0854988022581
3.63999,10.984375,10.265625,7.21875,14.140625,300.214294434,287.674224854,241.806045532,341.73538208,-0.65000937825,-0.526629898459,0.0416117000872
3.650002,11.046875,9.6953125,7.17578125,14.046875,299.554168701,283.819274902,236.293930054,344.279876709,-0.959883077956,-0.900490100938,0.107962134603
3.660018,11.0078125,9.4140625,7.1796875,13.9609375,298.40045166,279.390472412,230.915359497,346.622619629,-0.994132373935,-1.26533199519,-0.0103940586617
3.669983,10.7890625,8.953125,7.47265625,13.78125,297.241333008,273.937927246,227.66784668,347.80291748,-1.17122532875,-1.14848356067,0.0637166742497
3.680003,10.0625,9.375,8.9609375,13.03125,293.022521973,270.65435791,229.999511719,346.045959473,-1.33801981853,-1.54990873793,-0.0198811716738
3.689991,9.0390625,9.765625,9.9921875,12.3671875,287.471221924,269.531341553,234.268814087,343.268432617,-1.51543516526,-1.65705531882,-0.0384812081851
3.699987,8.2890625,9.9140625,10.671875,11.8515625,278.942718506,268.919219971,240.617477417,338.239501953,-1.62400716567,-2.17580292126,-0.152766691026
3.710004,7.0859375,10.2109375,11.578125,11.0078125,268.611694336,269.570831299,248.912353516,331.774749756,-1.56830883729,-2.01687880086,-0.124295035565
3.720003,6.5703125,10.3515625,12.2109375,10.3984375,256.363372803,270.530059814,258.572357178,323.013671875,-1.73050775143,-2.01349070407,-0.230454221326
3.729995,5.81640625,10.7265625,12.390625,10.15625,244.303619385,272.584411621,267.274902344,315.686889648,-1.55309836802,-2.55679693008,-0.301386685903
3.740053,5.42578125,10.7578125,12.796875,9.5703125,232.299407959,274.532012939,276.345214844,306.314086914,-1.57158046301,-2.74784023039,-0.279778577318
3.750004,5.6328125,11.046875,13.015625,9.5,222.899002075,276.919921875,284.369262695,299.304718018,-1.22349875548,-2.76770628121,-0.43292160966
3.76001,6.98046875,10.6953125,13.0703125,9.4765625,218.450073242,278.041351318,292.412475586,292.105133057,-1.04945370876,-2.76444360047,-0.382045276684
3.76999,7.65625,11.109375,12.7890625,10.0859375,217.631118774,280.384429932,298.209320068,288.723419189,-0.810133523364,-3.14128695313,-0.497849245254
3.780002,8.828125,10.6796875,12.4609375,10.3203125,220.726654053,281.124938965,303.354400635,285.516723633,-0.622740394686,-3.20197193786,-0.401739058891
3.789987,9.3828125,10.765625,12.0390625,10.6953125,224.323165894,281.841583252,305.258361816,285.011505127,-0.486485480417,-2.97259051555,-0.416249998486
3.800003,10.375,10.2734375,11.390625,11.2421875,231.073989868,280.904418945,305.14239502,286.116394043,-0.190325683243,-3.11877840819,-0.451678417795
3.810002,10.3125,10.40625,10.8203125,11.71875,237.1222229,280.555114746,303.247833252,288.695373535,-0.12976396366,-3.3004361377,-0.372613330158
3.819989,10.7734375,9.953125,10.1640625,12.0234375,243.919540405,278.518096924,298.820343018,292.507049561,0.198811963406,-3.2162551419,-0.427703842684
3.82999,11.21875,9.28125,9.2734375,12.75,250.816390991,274.75881958,292.753387451,297.361602783,0.0569969668737,-3.24372360795,-0.309009108231
3.840017,12.3125,7.6484375,9.453125,12.6796875,260.863311768,264.979858398,287.013977051,302.615753174,0.529749041223,-3.32664185712,-0.458437680911
3.849996,12.34375,6.60546875,10.2578125,12.515625,268.878356934,254.355911255,285.633026123,305.127197266,0.262494571224,-3.45930852137,-0.41644529932
3.860038,12.9296875,4.8671875,10.8984375,12.1953125,278.025634766,238.113311768,286.24230957,307.109985352,0.414226221541,-3.66694610713,-0.426742200383
3.870001,13.046875,3.900390625,11.6640625,11.609375,286.418029785,220.198699951,289.692443848,306.971954346,0.00522794582098,-3.41500281257,-0.465883292284
3.880004,13.1328125,3.841796875,12.5,11.40625,293.892181396,206.331832886,294.704437256,306.238037109,0.0518796959904,-3.34795051994,-0.528066947561
3.890009,12.828125,3.859375,12.703125,10.8984375,298.589752197,195.330825806,299.430908203,303.025817871,-0.0569226400443,-3.27476078676,-0.565547236945
3.9,12.8203125,3.849609375,13.25,10.5078125,303.881164551,184.21005249,305.803344727,299.816589355,-0.161928431748,-3.01279919301,-0.621976366176
3.910035,12.8828125,4.46875,13.2734375,10.2890625,307.840240479,176.260467529,311.254333496,295.204589844,-0.268938427219,-2.82925852491,-0.643509774033
3.919994,12.7734375,5.71484375,13.453125,9.828125,311.731323242,173.513961792,316.867492676,290.913665771,-0.399126559879,-2.75104575863,-0.638467499696
3.930009,12.8046875,6.43359375,13.453125,9.6484375,314.171813965,174.207580566,321.221221924,285.761016846,-0.47180078644,-2.2632494984,-0.641132573393
3.939996,12.5703125,7.640625,13.46875,9.3515625,316.783966064,179.235092163,325.553344727,280.612121582,-0.581862683573,-2.14339963778,-0.571241383725
3.949994,12.578125,8.2578125,13.1484375,9.125,318.100952148,185.270370483,327.914306641,275.020111084,-0.582439827356,-1.79651032071,-0.590026044149
3.960003,12.265625,9.203125,13.03125,8.796875,319.111083984,193.904174805,329.636322021,269.826324463,-0.650017829587,-1.56811848052,-0.49409587687
3.969993,12.3203125,9.5,12.4609375,8.828125,319.590393066,202.9402771,329.570617676,264.577575684,-0.61679125015,-1.27483467682,-0.529627863391
3.980014,11.71875,10.46875,12.234375,8.71875,318.304718018,215.319152832,327.999206543,259.693206787,-0.60941752551,-1.0965935006,-0.372781423052
3.989994,11.7421875,10.578125,11.5546875,8.9375,317.438110352,222.391571045,326.090454102,257.175872803,-0.535249657548,-0.781281141794,-0.398745555532
3.99999,11.2421875,11.109375,11.234375,9.109375,314.709564209,232.354782104,321.862548828,255.250427246,-0.395533341328,-0.71747055416,-0.366796468111
4.01,11.265625,10.96875,10.65625,9.4140625,312.907531738,240.647735596,317.062835693,254.366882324,-0.391828542267,-0.574401511494,-0.290780626567
4.019996,10.9453125,11.09375,10.078125,9.5546875,309.66583252,248.251907349,309.972381592,254.534210205,-0.182903412929,-0.404710663584,-0.293194818825
4.029997,10.84375,10.734375,9.5859375,9.734375,307.215301514,253.891799927,303.656951904,255.133544922,-0.370932447808,-0.209313296735,-0.0990634015833
4.040003,10.3046875,10.703125,8.984375,9.8359375,302.965148926,258.174743652,295.390594482,256.216430664,-0.122957319593,-0.213323486295,-0.170862396679
4.050003,9.9453125,10.34375,8.5078125,9.9140625,298.351074219,261.044128418,287.398712158,257.144317627,-0.262404095503,0.0909874651526,0.00047847132092
4.060015,9.5703125,10.0703125,8.2734375,9.9921875,292.122070312,262.447235107,277.943664551,258.758239746,0.0399745097935,-0.3036306714,-0.218541284463
4.069996,9.4921875,9.7734375,7.96875,10.265625,287.855926514,262.582305908,270.941802979,260.351837158,0.153963866178,-0.0807123502433,-0.110119481063
4.079998,9.7421875,9.125,8.1484375,10.2265625,283.885742188,260.028320312,263.120788574,262.553649902,0.17134405643,-0.349040398294,-0.13431500422
4.089999,10.0390625,8.5546875,8.0,10.40625,282.070739746,256.439056396,257.799743652,264.317657471,0.243720859201,-0.198046111123,-0.0719423259677
4.099992,9.8984375,8.375,8.015625,10.3984375,280.098724365,252.874420166,253.346466064,265.946960449,0.144560308031,-0.12183869586,-0.0547177311261
4.110012,10.078125,8.125,8.2890625,10.453125,278.786865234,248.543457031,249.702774048,267.669250488,0.185745000471,-0.13368628648,-0.055636767842
4.119995,10.359375,8.0078125,8.4609375,10.640625,278.571411133,244.351928711,247.469009399,269.562866211,0.216640246079,-0.243190350946,-0.106566259116
4.129997,10.265625,8.40625,9.109375,10.5546875,278.099884033,242.316619873,247.011810303,271.256286621,0.207374800844,-0.469014721266,-0.176200767022
4.140003,10.7734375,8.1015625,9.234375,10.6328125,279.248443604,239.388153076,247.34803772,272.59954834,0.288004345071,-0.380685492884,-0.154959588288
4.15002,10.953125,8.1015625,9.53125,10.4453125,280.79598999,236.815948486,248.706390381,273.40447998,0.210742668695,-0.319032136212,-0.149550076634
4.160002,10.609375,8.859375,10.0,10.2734375,281.254211426,237.079559326,251.329696655,273.386413574,0.150217929083,-0.348338722276,-0.101499851707
4.170005,10.8359375,9.015625,10.0546875,10.34375,282.084075928,238.071884155,253.822601318,273.240356445,0.0619738128696,-0.314649398197,-0.12358040007
4.180011,11.09375,9.1484375,10.3515625,10.296875,284.156463623,240.023681641,257.520355225,273.4765625,0.0560166889967,-0.371847827292,-0.123136337593
4.189996,11.1015625,9.5,11.3515625,9.4453125,284.988952637,241.704696655,261.862213135,270.949615479,0.0522843151067,-0.436151256024,-0.16531908159
4.2,11.3828125,9.609375,11.5546875,9.2265625,287.370300293,244.259170532,267.883728027,267.761993408,0.208135551638,-0.43429263687,-0.144146318714
4.210004,11.7734375,9.71875,11.34375,9.5,290.034515381,246.593429565,272.46496582,265.33026123,0.195697772331,-0.314293598465,-0.0883653464573
4.219995,12.0703125,9.7109375,11.6953125,9.046875,293.985137939,248.909423828,277.586547852,262.315795898,0.170973627772,-0.157978796162,-0.0961552267992
4.230003,12.5859375,9.328125,11.828125,8.8359375,298.074615479,249.514404297,282.00378418,258.981018066,0.134805865287,-0.256841702244,-0.0173301653786
4.239999,12.734375,9.4609375,11.6640625,8.921875,303.06237793,250.360778809,285.886810303,255.809906006,0.157714846525,0.0682273239285,-0.0159848151155
4.25001,12.59375,9.7578125,12.125,8.1796875,306.478240967,252.075485229,290.414642334,251.123962402,0.321837046612,0.0704501637648,-0.0436178347492
4.260015,12.6640625,9.9375,12.359375,7.765625,309.802947998,254.396820068,295.328887939,244.996246338,0.470427810392,0.0306233729395,-0.0158006140958
4.269995,13.0625,9.6640625,11.8984375,8.1796875,314.318054199,255.510131836,298.008026123,241.483688354,0.540692550177,0.480765430187,0.040897815221
4.279996,13.0390625,9.7890625,12.03125,7.55859375,317.775390625,256.934295654,301.212768555,235.992919922,0.590246922311,0.35782320541,0.0680931477826
4.289996,13.046875,9.6640625,11.6171875,7.77734375,320.882873535,257.422241211,302.140136719,232.99508667,0.653696492254,0.836248822581,0.168805844415
4.300003,13.34375,9.2109375,11.0,8.265625,323.94342041,256.492523193,300.841552734,231.469970703,0.738384701832,0.971813412043,0.148272468145
4.310005,12.9375,9.7109375,11.140625,8.0234375,326.233856201,257.288208008,300.329650879,229.748031616,0.795059913842,1.12072582586,0.210364832395
4.319993,13.171875,9.390625,10.6328125,8.5703125,328.114379883,256.687835693,297.647369385,229.268371582,0.916313219677,1.22901529338,0.161328738918
4.32999,13.2734375,8.9453125,9.96875,8.9921875,331.1534729,255.364364624,293.809143066,231.306716919,0.941972823553,1.44080432636,0.228443530618
4.339993,12.859375,9.09375,10.0390625,8.59375,331.353088379,253.655807495,290.071533203,231.024749756,1.06081244961,1.66750946058,0.242729120445
4.350013,12.828125,8.7421875,9.4609375,8.90625,332.461090088,251.944351196,285.782196045,232.442749023,0.981562706709,1.94230444363,0.297525190873
4.359994,13.0,8.2890625,9.0703125,9.2578125,332.924041748,247.997833252,279.7527771,234.350280762,1.06186060757,1.88993139406,0.267642905283
4.369992,12.2265625,8.9921875,9.203125,9.1015625,331.608581543,247.461929321,275.69821167,236.005767822,1.00746569121,2.44793681347,0.31112911463
4.380057,11.953125,8.78125,9.40625,8.78125,328.666778564,245.963378906,271.991973877,236.110321045,0.91612854112,2.30388586232,0.348285005229
4.389986,11.4375,9.1640625,8.1328125,9.875,325.839660645,246.344497681,266.658782959,239.056243896,1.01792966021,2.60008138156,0.255584103705
4.400007,10.5234375,9.6640625,6.83984375,10.8515625,320.084411621,248.098678589,256.736450195,245.368377686,1.07205808784,2.65655127611,0.35356458033
4.410002,9.8515625,9.84375,5.4375,11.7109375,312.467285156,250.567749023,243.681243896,253.583969116,0.962821933066,2.64829459789,0.324046131063
4.419991,9.0,9.984375,4.1640625,12.3125,303.332183838,253.403747559,227.153808594,263.437469482,0.839688670343,2.75460198556,0.387934475638
4.43,8.015625,10.0625,3.935546875,12.59375,292.265869141,255.974197388,214.022125244,271.51574707,0.641004640165,2.64368005661,0.384937269391
4.440005,7.21875,10.078125,3.94140625,12.8046875,280.306396484,258.15057373,201.745529175,279.678375244,0.774811988005,2.59576277322,0.390341469905
4.449997,6.54296875,10.265625,3.9296875,13.390625,267.626434326,260.979431152,190.829116821,288.424133301,0.752350155761,2.23839262195,0.272921618489
4.460019,6.05859375,9.75,4.1328125,13.4765625,254.74458313,261.521270752,181.293609619,297.576019287,0.600853732999,2.27815684092,0.304487861298
4.469996,5.88671875,9.5,4.7734375,13.640625,243.87059021,260.924316406,175.395812988,304.373535156,0.381867128158,1.8433336958,0.273705454102
4.480017,5.41796875,9.265625,5.92578125,13.4375,230.063446045,259.319244385,173.514083862,312.135009766,0.365134128159,1.61645841877,0.202750336116
4.490007,5.41796875,8.7265625,6.68359375,13.140625,221.042861938,256.214141846,174.614151001,315.288574219,0.14540431326,1.46468041245,0.109084868835
4.499995,5.88671875,8.1640625,7.8125,12.640625,214.395431519,252.063461304,178.918624878,317.795715332,0.187339646694,0.939346698209,0.00295201570425
4.510052,6.3671875,7.86328125,8.5703125,12.1328125,209.148788452,246.510360718,185.887786865,317.401519775,0.0979946513102,0.744887492836,0.0241758684481
4.519992,7.12109375,7.69921875,9.2109375,11.6171875,207.502441406,241.698852539,194.126419067,316.100280762,0.132693406295,0.471981504936,-0.173929183507
4.530005,8.0,7.3984375,9.9296875,10.8984375,208.477203369,236.549514771,203.32572937,311.867614746,-0.10679850498,0.176451124336,-0.0887275405205
4.539994,8.796875,7.34765625,10.484375,10.1875,212.344711304,231.744842529,213.363464355,305.889648438,-0.114100016763,-0.131303005984,-0.197118804871
4.549994,9.21875,7.71484375,10.8203125,9.5703125,216.861129761,228.969726562,222.592788696,298.605804443,-0.10139154407,0.0837085606524,-0.147953916271
4.559998,9.8828125,7.75,11.0703125,8.9765625,223.000427246,227.01524353,231.940200806,290.574829102,-0.105224928605,-0.234768002455,-0.168309555736
4.56999,10.3984375,8.03125,11.2890625,8.609375,230.516769409,225.813171387,240.733398438,281.620361328,-0.168988973889,-0.232798641392,-0.138836460802
4.580017,10.9453125,8.2265625,11.390625,8.1875,239.654708862,225.893051147,250.483596802,272.038116455,-0.183570531601,-0.443713945402,-0.171011492932
4.590004,11.1875,8.53125,11.25,8.34375,245.292373657,226.397003174,255.317504883,266.714172363,0.0332526634198,-0.273065089128,-0.058343410521
4.599992,11.421875,8.734375,11.203125,8.34375,252.720031738,228.259765625,261.239868164,260.634765625,-0.0131439497017,-0.222761473668,-0.1081918171
4.61,11.6640625,8.8125,11.1953125,8.5234375,259.823059082,229.996627808,266.012329102,256.743835449,0.0401397054377,-0.200616003618,0.00353054150453
4.620004,11.7265625,8.984375,10.8984375,8.9296875,266.135437012,231.905578613,269.261688232,254.355529785,0.00666652055211,-0.25389662902,-0.00560430255787
4.629993,11.6796875,9.03125,10.5078125,9.34375,272.086608887,233.867706299,271.076019287,254.123153687,0.207817465653,0.117390966274,0.0197321542465
4.640006,11.6796875,8.9765625,10.2890625,9.78125,276.398468018,235.188552856,271.486816406,254.690292358,0.255717790667,0.0533264106828,0.0636547476319
4.650002,11.6875,9.015625,10.1015625,10.375,281.308013916,236.736022949,271.557556152,257.90524292,0.282455835316,-0.0125717108605,0.0419002606977
4.660022,11.4921875,9.125,9.8203125,10.890625,284.196380615,238.212600708,270.205780029,262.347229004,0.249000387713,0.290439315996,0.10475276135
4.670003,11.2578125,9.0390625,9.609375,11.2421875,286.707580566,239.378417969,268.94418335,267.072174072,0.308631691232,0.423184342836,0.105496076233
4.679999,11.1875,8.9609375,9.484375,11.515625,287.768554688,239.839767456,266.454498291,272.83416748,0.277746951429,0.209018644987,0.0582997625082
4.689993,10.6640625,9.1171875,9.21875,11.8203125,287.845947266,241.061920166,264.675994873,277.900238037,0.181993775531,0.554662336877,0.132525546346
4.699991,10.25,9.0703125,8.96875,12.03125,286.035064697,241.542739868,261.820953369,282.585754395,0.256726813919,0.604917732785,0.0634905332673
4.710009,10.0,8.8984375,8.9296875,12.03125,283.761535645,241.575927734,259.303222656,286.925842285,0.316965567326,0.369897986994,0.0587003458577
4.720011,9.625,9.03125,8.7421875,12.2265625,280.542938232,242.176986694,256.333435059,291.906555176,0.213232078796,0.564940975075,0.0224714543161
4.730002,9.3984375,8.875,8.546875,12.1796875,276.726623535,241.816085815,253.146713257,295.558441162,0.134521276749,0.540234580901,0.066441505816
4.740059,9.1328125,8.6484375,8.5390625,11.9765625,272.74130249,241.143966675,250.497680664,298.707000732,0.0791851123926,0.274220797657,0.0214659063072
4.74999,8.734375,8.59375,8.4921875,11.7734375,267.432006836,239.863510132,247.720870972,299.984680176,0.0259487552181,0.39894947532,-0.00140012957461
4.760006,8.5546875,8.3984375,8.515625,11.4765625,263.039916992,238.521270752,245.661697388,300.65637207,0.0902399747357,0.329105899548,-0.0178849741329
4.770003,8.5390625,8.2578125,8.6484375,11.1796875,258.865539551,236.73399353,244.295349121,299.770385742,-0.0374604890851,0.326494100303,-0.041508328332
4.779995,8.2734375,8.3515625,8.625,11.0,253.310394287,235.207290649,242.580307007,298.244903564,-0.155801392329,0.235709009886,-0.0324213631803
4.789993,8.2890625,8.0859375,8.4296875,10.71875,250.56477356,233.894760132,241.489883423,296.565338135,0.00640967972834,0.20600056987,-0.0880787769943
4.8,8.21875,8.0234375,8.6328125,10.2890625,246.975097656,231.845458984,240.47807312,293.2137146,-0.0653287833769,-0.0277818419767,-0.0683544846642
4.809993,8.640625,7.7265625,8.6015625,10.046875,245.307952881,229.120056152,239.734649658,289.493469238,-0.0450559173721,-0.0165831112732,-0.0872516681941
4.819994,8.6328125,7.81640625,8.6640625,9.78125,243.63899231,227.128005981,239.171966553,285.25567627,-0.211039371562,0.0275571078246,-0.0419353327965
4.829998,8.8515625,7.70703125,8.84375,9.4609375,243.262176514,225.009063721,239.309768677,280.988616943,-0.141355798739,-0.0769470682048,-0.069601728489
4.84002,8.9453125,7.85546875,8.890625,9.34375,242.922729492,223.589279175,239.395202637,276.191497803,-0.0815525969171,-0.162784944537,-0.0767480188709
4.850003,9.1953125,7.82421875,9.171875,9.0859375,243.872756958,222.632019043,240.588226318,272.093444824,-0.134326061118,-0.247439333397,-0.0676292648969
4.860017,9.4609375,7.84765625,9.1015625,9.21875,245.176177979,221.37600708,241.408782959,268.072265625,-0.0897322550023,-0.176758964837,-0.000924928619441
4.869996,9.7109375,7.82421875,9.3125,9.1015625,247.45904541,220.789398193,242.783859253,265.056213379,-0.0535574262336,-0.177173322889,-0.0778169801824
4.880003,9.8984375,7.90625,9.4453125,9.1953125,249.975616455,220.013870239,244.560775757,261.891052246,0.0199038443799,-0.155827733552,-0.0366583357901
4.88999,10.015625,7.96484375,9.3984375,9.3828125,252.221389771,219.952468872,245.645965576,260.775695801,-0.0435956651365,-0.289235477249,0.00845611347126
4.899993,10.0703125,7.9921875,9.28125,9.5625,254.409164429,219.883346558,246.281616211,260.150939941,0.0241499341378,-0.0880453672217,-0.0299284009413
4.909997,10.0859375,8.03125,9.3515625,9.78125,256.3074646,220.01133728,246.987945557,260.21472168,-0.0836297506752,-0.0233957188576,0.0630173186198
4.919999,10.2109375,8.265625,9.390625,10.0546875,258.759185791,220.896881104,247.830581665,261.49319458,-0.0312777434472,-0.0918921440993,-0.0375550303272
4.93,10.125,8.5234375,9.53125,10.21875,260.228363037,222.409164429,248.930603027,262.937561035,0.0278631505431,-0.10363154736,-0.031083984819
4.939993,10.171875,8.5078125,9.578125,10.359375,262.090179443,223.790313721,250.178405762,265.055725098,0.159897040364,-0.0337965328192,0.0131400498884
4.950014,10.2890625,8.625,9.4375,10.65625,263.669799805,225.253128052,250.707977295,267.286132812,0.0650138859331,0.0583066746215,-0.0312699049334
4.959997,10.265625,8.6640625,9.46875,10.7734375,265.207427979,226.72618103,251.415374756,270.050048828,-0.0675143369097,-0.0485309006096,0.0764901515654
4.96999,10.1328125,8.75,9.421875,10.8359375,266.047729492,228.107971191,251.727020264,272.486846924,-0.0640907815443,0.0954424492819,0.00946072297164
4.980057,9.953125,8.953125,9.6015625,10.859375,266.240325928,230.411712646,252.70539856,274.97442627,-0.0254421125636,0.149210292442,-0.00402147207709
4.989992,9.984375,8.890625,9.6171875,10.875,266.33795166,231.869491577,253.35848999,276.65802002,0.0276891367003,-0.0413726311615,-0.0374590056208
