0.0,0,0,0,10.1796875,0,0,0,269.259735107,0.0455419944255,-0.0126366047503,-0.0176197366094
0.010008,9.9296875,9.3828125,9.75,10.0,267.736022949,255.833282471,260.082977295,269.14755249,0.0169277109528,-0.0819002342784,-0.0107144133354
0.02,10.015625,9.3046875,9.6015625,10.09375,267.810791016,255.110122681,259.853973389,268.929077148,0.0831081522419,0.00834471162712,-0.00102467102673
0.030004,9.9765625,9.28125,9.578125,10.03125,267.877746582,254.735809326,259.82913208,268.687561035,0.00347567014592,-0.0213947757956,-0.015067407455
0.040005,9.9609375,9.28125,9.5703125,9.984375,267.791503906,254.117126465,259.472625732,268.360687256,0.000995078154766,-0.0049575529372,0.0240787849315
0.050008,9.84375,9.3125,9.4609375,10.0625,267.460632324,253.825927734,259.070129395,268.101623535,0.00181272428619,0.0733251907851,0.00471739875912
0.060018,9.84375,9.3203125,9.5703125,9.96875,267.177398682,253.701675415,258.964691162,268.037322998,-0.0233529078597,-0.0356738096904,-0.0110341607791
0.070008,9.8828125,9.265625,9.46875,10.0625,266.871337891,253.309020996,258.47088623,267.73626709,0.06360377365,0.0023456260157,-0.0112272358514
0.080058,9.828125,9.2578125,9.5390625,9.9609375,266.676727295,253.229263306,258.403533936,267.58682251,0.0345489660787,-0.0720193598123,-0.0191215566628
0.090003,9.84375,9.171875,9.4296875,10.015625,266.312164307,252.479888916,257.820220947,267.297576904,0.061806886777,-0.0205290583542,0.0356876204738
0.100003,9.875,9.15625,9.3671875,10.015625,266.33303833,252.125595093,257.453094482,267.22543335,0.0537466654951,0.0476420313428,-0.0161986847429
0.110003,9.8984375,9.109375,9.53125,9.90625,266.295684814,251.518875122,257.421722412,266.957580566,0.000474266320403,-0.0265408402482,0.00692390944953
0.120002,9.84375,9.171875,9.4453125,10.03125,266.067779541,251.093338013,257.025604248,266.701629639,-0.0301638865654,-0.0288433829092,0.00956051481126
0.13001,9.7734375,9.234375,9.46875,9.9765625,265.830688477,251.216278076,257.01272583,266.788482666,-0.0190113004297,-0.00196385707501,-0.0287211445185
0.140048,9.7734375,9.2109375,9.4375,10.015625,265.230987549,250.886260986,256.642333984,266.555389404,0.0924516960935,0.0682249963031,0.0317464573346
0.150008,9.8515625,9.1640625,9.484375,9.96875,265.361572266,250.805892944,256.707397461,266.511260986,0.0898423519603,-0.0509869489232,-0.0341098076258
0.160006,9.8671875,9.1484375,9.5078125,9.9765625,265.298522949,250.402374268,256.666656494,266.449035645,0.0144982505992,-0.103471274456,0.0216232433662
0.170013,9.8828125,9.109375,9.40625,10.0625,265.399932861,250.04083252,256.284881592,266.528259277,0.00126902842341,0.00793738087144,-0.00301953502846
0.180025,9.8671875,9.09375,9.4609375,9.96875,265.452178955,249.761154175,256.227478027,266.533813477,-0.00218423960104,0.0559965740172,-0.0131593980812
0.190003,9.828125,9.1953125,9.546875,9.96875,265.250610352,249.593154907,256.267211914,266.241790771,0.0115939255452,0.0550498641785,0.0421603674741
0.200004,9.828125,9.2734375,9.515625,10.046875,265.359771729,250.007797241,256.390228271,266.581573486,0.0191282174612,-0.0116978703987,-0.0465202888241
0.210028,9.828125,9.2890625,9.5,10.1171875,265.013000488,250.236633301,256.343475342,266.952850342,0.041868858904,-0.0300136043933,0.0242195847473
0.220002,10.3046875,8.6796875,8.9296875,10.5234375,266.566040039,248.469009399,254.459457397,268.662658691,0.0295315518543,-0.0195475493014,-0.0256820937145
0.230002,10.6640625,8.1328125,8.59375,10.75,268.864074707,245.078567505,251.700653076,270.963409424,-0.0415891869003,-0.0666760629301,0.00359327145621
0.24,10.9609375,7.765625,8.15625,11.09375,271.856048584,240.401489258,247.547988892,274.103668213,-0.0791821917382,0.0341920637549,0.0370396155115
0.250009,11.1953125,7.41796875,7.75,11.375,275.291717529,235.901077271,243.066177368,277.813568115,-0.0977875678234,0.109578535074,-0.0402889844842
0.260027,11.34375,7.2109375,7.5859375,11.578125,278.844116211,230.458694458,238.030410767,281.78604126,-0.304791497994,0.0192431762908,0.0475387343701
0.270004,11.4765625,7.05859375,7.32421875,11.7734375,282.338989258,225.971099854,233.28414917,285.664489746,-0.463227197875,-0.0781238076079,-0.0190797152012
0.280019,11.5625,6.93359375,7.26171875,11.8046875,285.932861328,220.446777344,227.975280762,289.536682129,-0.51533627659,0.00169600089097,-0.0109767883739
0.290016,11.6640625,6.8046875,7.44140625,11.796875,288.664398193,216.866882324,225.10647583,292.264587402,-0.662982548714,-0.0364348761608,0.0218332441461
0.3,11.6875,6.94140625,7.48046875,11.875,291.482696533,213.696029663,222.720016479,294.733947754,-0.921425837974,0.00349883370948,0.028335109391
0.310009,11.671875,7.0390625,7.81640625,11.734375,293.611816406,211.50831604,221.498306274,296.723602295,-1.20612530461,-0.148079458425,-0.0259795074647
0.32001,11.5859375,7.1640625,8.0703125,11.625,295.523681641,209.776779175,221.232009888,298.143585205,-1.36734813298,-0.0346696553788,0.0660488384709
0.330003,11.5078125,7.58203125,8.4765625,11.5546875,296.735412598,209.486968994,222.157165527,298.793945312,-1.67155384178,0.0791743880486,0.00156786314388
0.340011,11.28125,7.9921875,8.7265625,11.53125,297.397399902,210.875488281,224.131652832,299.813171387,-1.88915909585,-0.12685440123,-0.00605485068956
0.350013,10.2734375,9.2578125,9.96875,10.671875,294.307312012,216.101730347,229.402160645,297.311035156,-2.01324232539,-0.0979408229682,0.0318073785259
0.360004,9.6484375,10.171875,11.1015625,9.796875,289.862976074,224.492828369,238.634628296,292.225250244,-2.1607623408,0.217248124622,-0.00924666745185
0.37,8.9296875,11.03125,11.7109375,9.4375,283.211975098,233.671173096,247.576660156,286.333679199,-2.41039412313,-0.133653196862,0.0698075845433
0.380022,8.03125,11.6328125,12.296875,8.6328125,273.514770508,245.958969116,259.677978516,277.467285156,-2.28857960085,-0.0798773432383,-0.0450797364692
0.390109,7.38671875,12.0390625,12.75,8.0390625,265.849121094,253.575592041,267.319732666,270.415588379,-2.20932281399,0.152483604565,-0.0265931162327
0.400002,7.32421875,12.265625,13.4765625,7.51171875,257.709503174,263.589904785,277.618041992,261.538146973,-2.19948205864,-0.208535386774,-0.0357764806208
0.410014,6.875,12.796875,13.4609375,7.44921875,249.370651245,272.948120117,286.526885986,253.685302734,-2.03068513226,-0.092272292765,-0.0341257003637
0.420003,7.15234375,12.6015625,13.515625,7.2578125,242.356002808,281.655761719,295.172058105,246.254318237,-1.75357169047,0.0724049843726,-0.0366861636997
0.430003,7.57421875,12.6015625,13.2109375,7.4609375,238.200332642,288.375549316,302.011199951,240.523117065,-1.5395431818,-0.0232829396298,-0.0654381764692
0.440012,7.9921875,12.3828125,12.8828125,8.15625,235.973083496,293.787902832,306.663818359,238.015655518,-1.19175887522,0.0827184336565,0.0133340434885
0.450013,8.453125,11.9453125,12.21875,8.640625,235.325668335,297.604370117,309.422668457,237.439437866,-0.99419275048,0.152736828467,-0.034169502939
0.460005,8.6640625,11.96875,11.9453125,9.0,235.119018555,300.151062012,310.396362305,237.897674561,-0.56494468046,-0.0780042306247,-0.0714384566566
0.47,9.40625,11.2265625,11.328125,9.5078125,237.6171875,300.632415771,309.546295166,240.160888672,-0.195568776222,-0.0182432208301,-0.0667974452444
0.480036,10.09375,10.546875,10.4921875,10.09375,242.869552612,297.351776123,304.511688232,245.042907715,0.18577217578,-0.0311152029104,-0.113211199147
0.49001,10.5234375,9.9453125,10.171875,10.0703125,246.906890869,294.540679932,301.328369141,247.665786743,0.266131973389,-0.0566760831964,0.0332424129735
0.500053,10.859375,9.5078125,9.359375,10.578125,252.69303894,288.651794434,294.243041992,252.456893921,0.52334085873,0.128273694354,-0.0466656616602
0.509999,11.140625,8.703125,8.4375,10.953125,258.859985352,280.813171387,285.079040527,258.308074951,0.585974622122,0.0609064632999,-0.0103359453117
0.520012,11.578125,7.74609375,7.24609375,11.515625,264.494628906,272.307952881,274.841796875,263.93347168,0.796274877347,0.131596016177,-0.0196091984488
0.530017,11.765625,7.1015625,6.62109375,11.546875,270.086486816,262.199829102,262.982208252,269.265441895,0.817337850746,-0.122309241255,-0.0256841494626
0.540003,11.75,6.96875,6.33203125,11.6796875,275.963043213,251.902694702,250.896148682,274.953216553,0.816719053106,0.083899114414,0.0359057190375
0.550012,11.8125,6.73046875,6.15234375,11.6875,280.403259277,243.263977051,240.55229187,279.389648438,0.688558570487,0.144091773066,0.0202806156678
0.560003,11.8046875,6.8515625,6.359375,11.734375,284.832427979,235.913467407,232.336227417,283.583404541,0.603318659912,0.0855640374025,0.0549661317544
0.569999,11.6171875,7.3359375,6.97265625,11.640625,287.627960205,230.84286499,226.451583862,286.71206665,0.262701378285,-0.0777028102041,0.000956938350061
0.580023,10.921875,8.3046875,7.9140625,11.1953125,288.537536621,230.570068359,225.05039978,288.483093262,0.275787233872,0.122482844229,0.0731870305382
0.590009,10.2734375,9.2265625,9.0625,10.5703125,287.054229736,232.511734009,226.792266846,287.490478516,0.080307349827,0.0520944613558,0.0447592610693
0.600002,10.15625,9.5390625,9.6484375,10.421875,285.329711914,236.182693481,231.519775391,286.151733398,-0.0793867008172,0.0136872157652,0.0357018156181
0.610008,9.3828125,10.4453125,10.5859375,9.90625,280.978668213,241.924224854,237.785446167,282.935089111,-0.15376746291,0.0320143830384,0.0482169652583
0.620003,8.84375,11.0703125,11.453125,9.2734375,275.832183838,249.517211914,246.614974976,278.096282959,-0.227203419498,-0.0313945225833,-0.00413520784906
0.630019,8.1875,11.6484375,12.078125,8.84375,268.833068848,257.544921875,255.529953003,272.076446533,-0.215055613984,0.162122919897,0.0489457250364
0.640009,7.7578125,12.1015625,12.5625,8.4609375,261.554412842,266.664916992,265.138671875,266.117645264,-0.180987174648,0.0368199998873,-0.00445635952012
0.650017,7.46484375,12.421875,12.7578125,8.1953125,254.449661255,273.825683594,273.305847168,260.071350098,-0.0877861263538,-0.14343162752,-0.00735953003573
0.660018,7.27734375,12.5390625,12.890625,7.86328125,247.197601318,282.293914795,282.423858643,253.923629761,0.081378511043,-0.0657585586907,-0.0337648758123
0.670003,7.22265625,12.5078125,12.9609375,7.69140625,241.049835205,288.597900391,289.582672119,247.550292969,0.380813014933,0.101300637443,-0.0468368449082
0.680056,7.51171875,12.40625,12.9453125,7.44140625,235.789779663,294.927062988,297.462615967,240.668167114,0.589194168189,-0.183909376848,-0.0202596796499
0.690001,7.58203125,12.3359375,12.578125,7.6796875,232.644012451,298.698242188,301.570220947,236.483398438,0.810284433536,-0.00351104444534,-0.0493940586482
0.700008,7.96875,12.015625,12.125,7.97265625,230.857559204,301.097839355,303.880828857,234.05267334,1.21151082877,0.0513609960695,-0.031060419845
0.710007,8.40625,11.6640625,11.9375,7.96875,231.060501099,302.341796875,305.683380127,232.002487183,1.48400020015,-0.0618290574084,-0.051136407049
0.720004,8.7421875,11.3359375,11.3515625,8.4609375,231.403121948,302.242553711,304.864624023,231.138565063,1.82040071736,0.0226918159703,-0.0553866807372
0.730011,9.109375,10.8359375,10.890625,8.59375,233.630737305,300.590057373,303.33996582,231.402130127,2.05048367501,-0.105603743274,-0.000760389289208
0.740069,9.515625,10.34375,10.2578125,8.953125,236.286682129,297.036834717,299.031890869,232.387176514,2.42585614394,0.0189486627178,-0.0463351754078
0.750004,9.6171875,9.9609375,9.7890625,9.1015625,239.870361328,293.018280029,294.295043945,234.498535156,2.59715118276,-0.0611372836247,-0.0293585399805
0.760046,9.921875,9.484375,9.2109375,9.390625,242.849151611,287.393554688,287.962097168,236.342407227,2.81917607388,-0.0139659370582,0.0116855461017
0.770014,10.03125,9.171875,9.0625,9.296875,246.67124939,282.203460693,282.427307129,238.609558105,2.91577516451,-0.00325683039187,-0.001677818189
0.780005,10.1953125,8.9453125,8.578125,9.71875,250.479095459,275.15057373,274.172485352,241.672454834,3.23226504441,-0.123813070543,-0.0250211215836
0.789999,10.1015625,8.8359375,8.4609375,9.609375,252.976455688,271.85446167,269.946228027,243.679641724,3.26008485299,-0.0223221810626,-0.0141273164267
0.800008,10.2734375,8.484375,7.96484375,9.9375,255.675949097,265.953765869,262.78527832,246.423629761,3.45086123463,0.215896606188,-0.0154507086449
0.809999,11.140625,7.4765625,7.30078125,10.6484375,260.948974609,257.83972168,254.567199707,251.528869629,3.31757236558,-0.211228601679,0.0717626667073
0.820013,11.546875,6.85546875,6.1171875,11.5234375,266.792358398,248.405380249,243.679321289,258.767700195,3.28780253907,0.137283596508,0.040250497358
0.830015,11.921875,6.1015625,5.3671875,11.984375,272.520996094,237.79258728,231.74961853,265.980865479,3.23170672506,0.165091396841,0.0249848784626
0.839999,12.234375,5.28515625,5.16796875,12.140625,279.284545898,225.8984375,220.437942505,273.430419922,3.09888523416,-0.0704789375142,0.0332752762036
0.850007,12.203125,5.31640625,5.08203125,12.359375,284.650024414,215.880828857,210.528060913,280.007110596,2.83482366025,0.0157212654217,0.0223797822051
0.860024,12.2734375,5.36328125,4.9921875,12.609375,290.113037109,206.969604492,201.097442627,287.54473877,2.71937864796,0.0568071831717,0.0780116598083
0.870001,12.4296875,5.46875,5.75390625,12.5234375,294.646697998,200.233764648,195.691925049,292.677093506,2.38148772541,-0.168104930681,-0.00965059796869
0.880023,12.3671875,5.90625,6.515625,12.3984375,299.546508789,194.677581787,193.065292358,298.074157715,1.93095438227,-0.0738136307726,0.0483958556435
0.890016,12.203125,6.35546875,7.05859375,12.2890625,302.0675354,192.587158203,193.263397217,301.020751953,1.70022480926,0.0185976129192,0.0163794855747
0.899999,11.8515625,7.17578125,7.87109375,11.9921875,303.654510498,193.638061523,195.806121826,302.998046875,1.25870936729,0.0233405277399,0.0975507523661
0.910012,11.578125,7.8046875,8.7265625,11.625,304.14553833,196.300613403,200.662612915,303.415161133,0.903153675073,-0.0680072480884,-0.0130499927834
0.920013,11.140625,8.5078125,9.1875,11.5,303.341644287,201.113296509,206.568603516,303.316619873,0.696850666997,0.0386515721041,0.0393050402065
0.930004,10.84375,9.0546875,9.8671875,11.0859375,301.458496094,207.280014038,214.135696411,301.850799561,0.353759393802,-0.0634750730255,-0.00100299860215
0.940006,10.53125,9.5078125,10.2421875,10.765625,299.087097168,214.142593384,221.829177856,299.334777832,0.124065989117,-0.0935296382133,0.0243488083395
0.950017,10.3359375,9.75,10.46875,10.5078125,295.958435059,220.655914307,228.956100464,296.381988525,0.0169595007188,-0.0305900502404,-0.0069418359608
0.960001,10.0859375,9.9140625,10.71875,10.1953125,292.678070068,227.459289551,236.769836426,292.535339355,-0.249995923486,-0.00355070336638,0.0502877657806
0.970002,9.9296875,10.015625,10.90625,9.90625,289.162536621,233.032684326,243.442169189,288.517181396,-0.471595176725,-0.202042957792,-0.0444056298195
0.980021,9.828125,10.0234375,10.8203125,9.8984375,285.264862061,239.183242798,250.817428589,284.101287842,-0.371654008974,-0.031182743343,0.00686503880515
0.99,9.734375,10.078125,10.8828125,9.7890625,282.741912842,242.806777954,254.834106445,281.453094482,-0.579793777777,0.0262374223238,0.00546550676916
1.000024,9.71875,10.125,10.8828125,9.75,280.220397949,247.054992676,259.609008789,278.589355469,-0.62089943459,0.0495901752379,-0.00323153343245
1.010022,9.28125,10.4921875,11.046875,9.53125,276.322235107,251.886810303,264.18927002,275.160095215,-0.689304177733,-0.076429943267,-0.0238040040848
1.020001,9.0234375,10.6796875,11.28125,9.1328125,272.284362793,257.132019043,269.219268799,270.956329346,-0.636806178486,0.108863049536,-0.022247777403
1.030012,9.4296875,10.4453125,10.78125,9.8046875,269.816894531,260.317230225,271.672546387,269.257385254,-0.482808804786,0.160467849629,-0.00622754772573
1.039999,9.3515625,10.65625,10.8828125,9.6953125,267.909881592,264.193786621,274.573059082,268.16897583,-0.570446494286,-0.00923556225703,-0.0387278873576
1.050031,9.3359375,10.7578125,10.8046875,9.8984375,265.50579834,267.544586182,276.466705322,267.205841064,-0.507987498194,0.056446749453,-0.0213305515668
1.060031,9.609375,10.6015625,10.6796875,9.9765625,264.953277588,270.723327637,278.279541016,267.353302002,-0.453154331974,0.0557364285395,-0.0287553918303
1.070053,9.7421875,10.5859375,10.703125,9.984375,264.495269775,272.332580566,279.299804688,266.981536865,-0.322068597434,-0.0438664234921,-0.0229325604123
1.080021,9.71875,10.6328125,10.609375,10.046875,264.378479004,275.081115723,280.508148193,267.202758789,-0.395808449127,0.120745854838,-0.0251253231045
1.090016,9.8203125,10.5234375,10.453125,10.09375,264.317687988,275.76675415,280.324493408,267.31036377,-0.243948170409,0.143635597294,-0.0215489362442
1.100008,9.9765625,10.4140625,10.25,10.28125,264.763885498,276.496185303,279.842559814,267.867767334,-0.0473292066433,0.0825180305378,-0.0348269284543
1.110008,10.03125,10.4296875,10.2109375,10.3359375,265.675323486,277.27923584,279.092590332,269.154022217,-0.0625508457765,0.0412108366973,-0.0280412244348
1.120011,10.65625,9.953125,9.6015625,11.015625,267.771514893,276.049865723,276.263793945,271.781677246,0.0776831451941,0.0278272045392,-0.02740643259
1.130008,10.8828125,9.828125,9.6796875,10.9921875,270.995849609,274.897583008,274.291534424,274.87902832,0.128044235814,0.00242706033306,-0.0180415385593
1.140001,10.8671875,9.734375,9.4609375,11.125,273.230773926,273.002655029,271.424591064,277.270935059,0.119744208764,0.161146973563,-0.0195142083517
1.150005,11.0390625,9.3828125,9.1015625,11.265625,276.192260742,270.960571289,268.503723145,280.213165283,-0.00134727622244,0.0276620154574,0.029181771898
1.16,10.9765625,9.25,9.0234375,11.15625,278.186126709,267.931365967,264.911468506,282.0652771,0.149505917188,0.0269141265559,-0.0520164057092
1.170001,10.8046875,9.3046875,8.953125,11.140625,279.804962158,265.89074707,261.962280273,283.922119141,0.113912079983,0.115348445506,0.00355365592722
1.18002,11.2109375,8.65625,8.5234375,11.3671875,282.492584229,260.822662354,257.02645874,286.423706055,0.0618182379788,-0.0385358253133,-0.0177611297218
1.190013,11.21875,8.6328125,8.46875,11.4296875,284.135742188,258.248901367,254.361022949,287.91217041,0.127905354806,-0.000551444604741,-0.013868060329
1.200005,11.015625,8.7734375,8.7421875,11.1171875,285.659576416,255.7056427,252.016479492,289.037750244,-0.0412811070629,-0.0545570813986,-0.0218768495726
1.210003,11.03125,8.5703125,8.5859375,11.109375,286.53918457,252.532440186,249.526031494,289.306274414,-0.19524745558,0.00745815994172,0.0422326498673
1.220054,10.7890625,8.6953125,8.9296875,10.6953125,287.051330566,250.558456421,248.440155029,288.718719482,-0.248627752218,-0.069773956834,-0.0221699829574
1.230012,10.4453125,8.96875,9.2578125,10.3359375,286.062133789,249.360565186,248.44329834,286.463195801,-0.31092704214,-0.0559728547031,0.00865643375469
1.240024,10.6796875,8.5859375,8.9140625,10.5859375,286.057922363,247.409301758,247.637969971,285.600463867,-0.348179531353,-0.00436405889855,-0.0129102032955
1.25,10.78125,8.328125,8.625,10.765625,286.342712402,245.139846802,246.194381714,285.43347168,-0.452043144147,0.0439621720701,-0.00770199953709
1.260009,10.890625,8.0703125,8.34375,10.953125,286.866424561,241.546569824,243.486846924,285.960754395,-0.653935829986,-0.0505806400155,0.0119201993096
1.270016,10.9609375,7.80078125,8.0234375,11.046875,287.757141113,237.564361572,240.095565796,286.967651367,-0.722839445262,0.00410807274742,-0.0135367096257
1.280044,10.9140625,7.75390625,7.859375,11.125,288.18069458,234.031906128,236.265136719,287.852905273,-0.835001256498,0.0715057473256,0.0193305526616
1.290005,11.1015625,7.6015625,7.81640625,11.1953125,289.041442871,231.260452271,233.960693359,288.812866211,-0.885932709659,0.0325024361248,-0.0427004211109
1.300007,10.9765625,7.81640625,7.72265625,11.3515625,289.404693604,229.242874146,231.000701904,290.02243042,-1.16455894588,0.131537621938,0.0278897732051
1.310004,10.9765625,7.82421875,7.703125,11.34375,289.835449219,227.219161987,228.321182251,291.381317139,-1.36014710485,-0.0333151241278,-0.0291345658662
1.32,11.0,7.87109375,7.69140625,11.359375,290.08706665,225.523361206,225.840606689,292.261566162,-1.40622792568,-0.0361081593268,0.00567323645812
1.330013,11.0,8.0078125,7.98828125,11.2578125,290.471740723,224.958786011,224.782012939,293.116577148,-1.58028640702,0.0853563208655,-0.0243731625987
1.340002,11.0078125,8.1171875,8.0546875,11.3359375,290.766052246,224.566345215,223.959136963,293.839385986,-1.84003386442,0.0377923419587,0.0288070732922
1.350004,10.875,8.390625,8.140625,11.3515625,290.56918335,225.393920898,223.584182739,294.596710205,-1.99636253822,-0.0798438315448,-0.0202678451379
1.36001,10.828125,8.4765625,8.359375,11.1875,290.346588135,226.201187134,224.047485352,294.618713379,-2.09755065337,0.0832539170175,0.0181225621864
1.370007,10.8828125,8.6484375,8.5703125,11.25,290.055236816,227.547698975,225.008575439,294.815887451,-2.42552395318,0.145427854135,0.0127804260171
1.380025,10.765625,8.8984375,8.578125,11.3125,289.505554199,230.063400269,226.468582153,295.364929199,-2.56166591612,0.0385359068436,0.00840796586006
1.390013,10.1328125,9.484375,9.1953125,10.7890625,287.565460205,232.732559204,228.373947144,294.342315674,-2.61715160411,-0.0147689888447,-0.00204686789667
1.400009,9.3671875,10.296875,10.2734375,9.8515625,283.197418213,238.86831665,234.313476562,290.170532227,-2.67120813618,0.198120862164,-0.0229137764183
1.410028,8.546875,11.234375,10.96875,9.4140625,276.23336792,247.197280884,241.569732666,284.476654053,-2.92576393173,0.167476145871,0.0575233859124
1.420005,7.7109375,11.78125,11.6171875,8.5,267.941650391,256.527008057,250.184173584,276.951721191,-2.98765147045,-0.00955539535244,-0.0528267468049
1.430004,6.8515625,12.2421875,12.0,7.765625,257.780975342,264.963745117,258.132049561,267.967071533,-2.69935667485,-0.00661990928429,-0.0507987102189
1.439998,6.62109375,12.59375,12.484375,7.1796875,248.074310303,274.567108154,267.52645874,257.957366943,-2.57791513378,0.0149401820492,-0.0406178902684
1.450015,6.68359375,12.921875,12.65625,7.3125,239.710098267,282.65927124,275.164794922,250.099060059,-2.53979437039,0.0836680209545,-0.0236108442936
1.46002,6.5234375,13.1015625,12.78125,7.2421875,232.041732788,292.245666504,283.658691406,242.957458496,-2.36380282941,0.141976362928,-0.027246292562
1.470003,6.63671875,13.21875,12.625,7.296875,225.807876587,298.97857666,289.434875488,237.205657959,-1.89164914697,0.0757472145296,-0.133069226475
1.480026,6.78515625,13.0234375,12.453125,7.31640625,220.010040283,306.415710449,295.893249512,231.50743103,-1.72187571077,-0.0860970467496,-0.0144353771321
1.49,7.17578125,12.75,12.2109375,7.4765625,217.196548462,309.615814209,298.548919678,228.058990479,-1.41382654773,0.206189121923,-0.0651618995679
1.500008,7.7109375,12.453125,11.6796875,8.0234375,216.625045776,312.555023193,300.142272949,227.073379517,-0.904240962881,0.097641670275,-0.103284223686
1.51001,8.171875,12.21875,11.265625,8.4609375,217.499343872,313.681915283,299.912414551,227.386199951,-0.572513310168,-0.117848688001,-0.0756321869524
1.52001,9.3046875,11.25,10.3671875,9.15625,221.30960083,312.108673096,297.017822266,229.774627686,-0.157393680555,-0.173485463244,-0.112924061114
1.53,10.140625,10.515625,9.6640625,9.734375,228.070632935,307.403045654,291.868865967,234.29006958,0.145562274272,0.153048431129,-0.0439748878819
1.540008,10.796875,9.8515625,8.9140625,10.3203125,235.287139893,301.443969727,284.969360352,239.486221313,0.274396282257,-0.0209411513045,-0.0275735783984
1.550009,11.2734375,9.2578125,8.09375,10.7578125,243.54536438,294.257354736,276.781860352,246.092987061,0.594553460522,-0.0121692488354,-0.0725605103758
1.560003,11.5546875,8.4921875,7.05859375,11.2421875,251.064941406,285.434295654,265.202972412,252.917144775,0.634749984835,-0.00786246131854,0.0293590594909
1.570008,11.9609375,7.77734375,6.44140625,11.421875,259.353179932,275.419006348,254.134979248,260.22076416,0.781348043073,-0.118497098314,-0.0929567249389
1.580024,12.2109375,7.2578125,5.63671875,11.734375,267.675872803,263.020202637,239.008712769,268.202514648,0.824653619772,-0.0708879982211,-0.0109935851161
1.590029,12.2734375,6.921875,5.92578125,11.609375,273.850189209,255.138885498,231.325195312,273.241485596,0.820179890272,-0.136350843522,0.0233494392906
1.600001,12.40625,6.7421875,5.87890625,11.6640625,279.924438477,245.610168457,222.36555481,278.249816895,0.559151429123,-0.207102214465,-0.0266302701522
1.61001,12.25,7.0078125,6.515625,11.5546875,285.661804199,238.744842529,217.051818848,282.754943848,0.530114722887,-0.0784883848237,0.0414851919116
1.620004,12.1640625,7.2890625,6.921875,11.4296875,290.120391846,233.279129028,213.008071899,285.645172119,0.380995655228,-0.26586493051,-0.025775369847
1.630013,11.9765625,7.828125,8.0390625,11.0234375,293.637359619,230.956298828,213.987533569,286.952209473,0.0428894548876,-0.306632096896,0.027175614545
1.64,11.6875,8.2734375,8.4296875,10.90625,295.555908203,230.250778198,215.812149048,287.600921631,-0.0231048207899,-0.0376368666274,0.0274197045548
1.650003,11.453125,8.8046875,9.2421875,10.4609375,296.781585693,231.319519043,220.235916138,286.30557251,-0.246241407524,-0.187511117236,-0.00357006862765
1.659982,10.703125,9.8046875,10.328125,9.703125,295.187225342,235.944351196,227.239944458,283.016113281,-0.435834018752,-0.251709001705,-0.0130470867008
1.670011,10.1015625,10.46875,10.84375,9.328125,291.971435547,241.727676392,234.65612793,278.291168213,-0.511448854565,-0.120145291151,0.0240091779451
1.680019,9.828125,10.8125,11.09375,8.953125,287.469970703,249.68119812,244.069549561,272.030700684,-0.562453545211,-0.0652390155652,-0.0410732223208
1.69001,9.109375,11.3828125,11.8828125,8.2109375,282.596496582,256.032318115,251.667098999,265.992553711,-0.595156505059,-0.0691914404574,0.026921050806
1.700083,8.8828125,11.640625,11.71875,8.296875,277.774353027,262.761474609,258.404876709,260.671081543,-0.594502771983,-0.102948330581,-0.024171756602
1.71,8.921875,11.578125,11.6171875,8.234375,272.744476318,268.910675049,264.836395264,255.262527466,-0.540246886731,0.00416595851795,-0.028771045644
1.720011,8.5234375,11.8046875,11.734375,8.03125,267.43838501,274.976989746,270.575592041,250.217987061,-0.359986839615,0.0651696857096,0.00213680161861
1.730003,8.8359375,11.5703125,11.375,8.3671875,263.797332764,279.600006104,274.890716553,247.094421387,-0.281333041502,-0.010696009787,-0.0555099024814
1.740052,9.046875,11.3515625,10.9140625,8.859375,260.974639893,282.965789795,276.97088623,246.056427002,-0.0486217585774,0.0796341822546,0.00368927645161
1.750013,9.2109375,11.1640625,10.4765625,9.1640625,259.313354492,284.97177124,277.441833496,245.911270142,0.148111097166,0.115331114498,-0.065687385514
1.760006,9.75,10.6640625,10.0390625,9.46875,259.368164062,285.290740967,276.235534668,247.224563599,0.284441651295,-0.00510480516523,-0.0275901203098
1.770002,10.03125,10.203125,9.2421875,9.9765625,260.590026855,283.468780518,272.499237061,249.896865845,0.464885251715,0.199720130453,-0.0533761814858
1.780008,10.1953125,9.9609375,9.03125,9.875,262.463195801,280.902008057,267.664093018,253.01473999,0.502102477418,0.0139072809462,-0.0360392270814
1.79,10.5390625,9.40625,8.2421875,10.2734375,263.923217773,278.300262451,263.88482666,254.754470825,0.733395213109,0.0649851902251,-0.0563779636438
1.800009,10.7890625,8.96875,7.671875,10.4296875,267.253234863,273.469268799,256.577178955,258.480316162,0.762625882854,0.0179158026117,-0.0269077788217
1.810006,11.0703125,8.4609375,7.18359375,10.5390625,270.696655273,267.381958008,248.839584351,261.715576172,0.868286647694,0.0776413560588,-0.0238355617647
1.820084,11.3203125,8.078125,6.66796875,10.734375,274.660186768,261.15637207,240.325454712,264.989318848,0.853617479001,0.0367800594217,-0.00359785461043
1.829929,11.5234375,7.73828125,6.69921875,10.6875,278.919067383,254.217254639,232.667556763,267.782928467,0.780549959416,-0.112150337571,-0.0100756926871
1.839997,11.375,7.77734375,6.55859375,10.7265625,282.028076172,248.602584839,225.874160767,270.030853271,0.708675915368,-0.000380223196744,0.0155632882369
1.850012,11.4453125,7.703125,6.921875,10.515625,284.842041016,244.19442749,221.498504639,271.356842041,0.590103512816,-0.0722398624463,0.0138017636877
1.86002,11.3359375,7.71875,7.15234375,10.4375,287.066314697,239.876449585,218.021774292,272.299713135,0.45879665128,-0.0561201448346,0.0382719562554
1.870002,10.8984375,8.2734375,7.9140625,10.0,287.657165527,238.217590332,217.931243896,271.411743164,0.398209632951,-0.0951633852961,0.0252947355089
1.880052,10.8046875,8.40625,8.296875,9.8359375,287.942169189,236.987533569,219.121948242,270.114074707,0.300406882119,-0.0328810063612,0.0119316994058
1.89,10.640625,8.6796875,8.6875,9.7578125,287.328704834,236.815307617,220.953613281,268.621643066,0.108749162909,-0.0851984329536,0.0387688853981
1.9,9.9453125,9.53125,9.578125,9.078125,285.158111572,239.354629517,225.090194702,265.904571533,-0.00960052506844,-0.111517597999,0.00940181193901
1.91001,9.53125,10.0234375,10.0625,8.7890625,281.297698975,243.344238281,230.610900879,261.809539795,-0.0317510231687,-0.00896333477131,0.0127597569199
1.920002,9.6171875,10.0703125,10.28125,8.75,277.779785156,247.382156372,236.551330566,258.025939941,-0.00366917394017,-0.0571648901739,0.000523813295039
1.93001,8.90625,10.78125,10.859375,8.2421875,273.107421875,253.057357788,243.229919434,253.320404053,-0.0285910553535,0.0166356114707,-0.00414980123067
1.940013,8.4375,11.28125,11.171875,7.77734375,266.961456299,259.5184021,250.110992432,247.209121704,-0.0490011228929,-0.045895958536,-0.0147439778451
1.950007,8.0703125,11.484375,11.4609375,7.375,261.059295654,266.044616699,257.003143311,240.988555908,0.10376078738,-0.0691591923613,-0.00731779694745
1.960066,7.703125,11.890625,11.6171875,7.078125,254.602005005,272.779022217,263.306121826,234.166290283,0.161272557442,0.0801276469538,-0.0176684998585
1.970004,7.73046875,12.015625,11.6328125,7.0,249.087844849,279.101165771,269.320373535,228.2784729,0.454597473505,0.113955110001,-0.0017022630867
1.980023,7.69921875,12.046875,11.6171875,6.95703125,243.307647705,285.937530518,275.36239624,222.112197876,0.621402370328,-0.00626613092814,-0.0479950058241
1.990005,7.74609375,12.0859375,11.4375,7.13671875,240.147155762,289.403320312,278.220581055,219.241516113,0.860986306409,-0.00686641821112,-0.0258631586909
2.000008,7.94140625,11.8515625,11.21875,7.26953125,237.343978882,293.206329346,280.84085083,216.840240479,1.1226487712,0.117588834656,-0.0281623852124
2.010053,8.1953125,11.71875,10.890625,7.5546875,235.645889282,295.563446045,282.051330566,215.288604736,1.40929888752,0.166972268524,-0.0609106152654
2.020004,8.5625,11.4140625,10.6640625,7.74609375,234.916824341,297.027526855,282.377044678,214.646148682,1.62024360375,-0.117391133386,-0.00150832171049
2.030017,8.734375,11.25,10.1328125,8.1640625,235.372924805,297.306182861,281.055450439,215.569259644,1.98185797916,0.156662695869,-0.0507485090757
2.04,9.1171875,10.890625,9.75,8.4453125,236.534500122,296.592498779,278.402191162,217.359390259,2.24113824497,0.192132137034,-0.0216855458917
2.050008,9.3984375,10.640625,9.53125,8.6328125,239.061721802,294.925292969,275.631439209,219.585006714,2.45937771178,0.018260542309,-0.0295881952658
2.060022,9.984375,10.046875,8.6953125,9.390625,242.801483154,291.652374268,269.862945557,224.28024292,2.6771473731,0.00507746572642,0.011575870023
2.070002,11.1171875,8.75,7.23828125,10.4140625,249.564971924,284.435394287,261.553161621,231.130737305,2.83912385841,0.00948778066033,-0.038790866765
2.080068,11.390625,8.2109375,6.8828125,10.6171875,257.717987061,274.710876465,250.076873779,239.346893311,3.0203957268,0.0144214495489,0.00432696612714
2.090013,12.234375,7.0,5.70703125,11.34375,265.641571045,264.949554443,239.779403687,246.59475708,3.0357645721,0.0471763986381,-0.0334551105138
2.099998,12.59375,6.1484375,4.1796875,12.0,273.886901855,253.200271606,225.546020508,255.137161255,2.97505884449,-0.0423387275241,0.0356214296949
2.110004,12.6328125,6.0078125,4.69921875,11.7890625,281.184844971,242.409347534,214.209945679,262.299621582,2.89500331762,-0.114804931951,0.0330298413843
2.120011,13.0234375,5.375,4.01171875,12.1484375,289.082550049,230.470489502,201.852432251,270.066223145,2.78721584897,0.0421708113118,0.0111513565121
2.130005,13.2578125,5.0078125,4.47265625,12.1953125,296.769897461,218.406387329,192.12399292,276.901275635,2.43171770374,-0.0811344978024,0.0746791040729
2.140007,13.1796875,5.1953125,4.5703125,12.453125,303.155059814,209.110336304,183.876541138,283.816650391,2.19940718038,-0.0943404336672,0.0152642030437
2.150016,13.0625,5.6640625,5.359375,12.3671875,308.469573975,202.723190308,179.207992554,289.131652832,1.89401311076,-0.124371581576,0.0457496335061
2.160002,12.9375,6.05859375,6.45703125,12.09375,313.047363281,198.117538452,178.801193237,293.350646973,1.53678473581,-0.132348898878,0.00178032875098
2.170001,12.640625,6.86328125,7.0078125,12.0703125,315.419372559,197.06539917,180.393920898,296.643280029,1.14270560816,0.012863167473,0.0681182498655
2.180022,12.265625,7.5234375,7.7421875,11.7734375,316.829376221,198.943237305,184.671600342,299.185943604,0.781659061912,0.0407148813406,0.0236192422854
2.189999,11.7734375,8.3828125,8.4609375,11.4140625,316.224212646,202.177963257,189.241882324,299.329833984,0.403683491238,0.0140538811436,0.0126030119242
2.200037,11.2890625,9.1484375,9.046875,11.140625,313.892120361,208.344207764,195.947357178,298.857147217,0.053776213064,-0.0459690686381,-0.0118611531656
2.210011,10.8984375,9.640625,9.3359375,10.90625,310.966125488,215.291809082,202.890808105,297.290222168,-0.147037075965,0.0801123191069,0.0397890083452
2.220004,10.4609375,10.140625,9.7890625,10.3984375,306.317749023,223.660354614,210.612106323,294.290679932,-0.392464765287,-0.0359981645253,-0.043909156278
2.230011,10.125,10.4140625,10.078125,10.015625,301.810272217,231.131530762,217.682434082,290.726654053,-0.6343413559,0.0101030121572,0.00331050771186
2.240004,9.6171875,10.828125,10.34375,9.4921875,295.654968262,239.092376709,224.888244629,285.273406982,-0.837576444724,0.161777421308,0.0147496893898
2.25001,9.0234375,11.3046875,10.6875,8.84375,288.899902344,248.090789795,232.962615967,278.661346436,-0.973494658688,0.0454381905277,-0.00625413493709
2.260025,8.2734375,11.7265625,11.0546875,8.1875,279.895355225,256.889862061,240.709701538,270.142791748,-0.999600730556,0.0602452807237,-0.0379481671389
2.270005,8.0234375,11.8984375,11.125,7.83203125,272.577026367,264.427276611,247.46446228,262.724487305,-0.839519773435,0.139095911882,-0.0327093571892
2.280021,7.81640625,12.0625,11.4375,7.67578125,262.746704102,273.898406982,255.560653687,253.231719971,-0.958279091857,0.125795312586,0.00835344647334
2.290016,7.9296875,12.0703125,11.09375,7.9765625,257.786651611,279.427764893,259.832000732,248.91217041,-0.887483913914,0.150337198653,-0.00967766295248
2.300011,8.125,11.9609375,11.0703125,8.0546875,252.908920288,284.732879639,263.744293213,244.881530762,-0.728738715746,0.0480779928366,-0.0280460053907
2.310014,8.21875,11.953125,11.0390625,8.1640625,249.576965332,289.535766602,267.37399292,242.037414551,-0.586644404483,0.116205345067,-0.061610309342
2.32005,9.1484375,11.3515625,10.1640625,9.2109375,249.110092163,291.865020752,268.078125,242.48789978,-0.329044564527,0.185107487341,-0.0413180047411
2.330003,9.7265625,10.78125,9.4765625,9.8046875,250.817123413,291.812164307,266.515106201,245.071105957,-0.235540575885,0.268796995108,-0.0168976757207
2.339999,10.125,10.6171875,9.0703125,10.3125,253.487670898,290.972717285,263.482727051,249.340530396,-0.146163493523,0.230707831579,0.00125025466821
2.35001,10.484375,10.5,8.65625,10.84375,256.934448242,290.071960449,259.704925537,254.455718994,-0.0716409873985,0.183758671764,-0.0294347915893
2.360015,10.7265625,10.5234375,8.578125,11.046875,260.733459473,288.934265137,255.876754761,259.671905518,0.0722106743125,0.105685596884,-0.0414537365517
2.369999,11.0,10.3203125,8.5703125,11.09375,265.205352783,287.570281982,252.582351685,264.623596191,0.206125855506,0.0361158313736,-0.0491426434116
2.380021,11.3203125,10.0546875,8.15625,11.3828125,270.516479492,284.537841797,247.408309937,270.134765625,0.211299027096,0.151483292973,-0.00953164948783
2.390007,11.46875,9.765625,8.2109375,11.21875,274.036773682,282.663208008,244.90612793,273.252502441,0.143153423547,0.0714366646382,0.020695202179
2.400003,11.3984375,9.765625,7.953125,11.265625,277.978729248,279.733398438,240.999176025,276.485870361,0.160933982079,0.075607527827,-0.0396332577377
2.410008,11.78125,9.1015625,7.62890625,11.3671875,282.266235352,275.60925293,236.720672607,279.844024658,0.0110474487649,-0.158808885604,0.0136059944134
2.420051,12.0546875,8.609375,6.93359375,11.6875,287.250213623,269.579650879,230.708862305,283.561950684,0.0886236825855,0.0616944436136,0.00378644478024
2.430011,12.1640625,8.28125,7.109375,11.4375,291.70425415,263.619842529,225.740875244,286.16317749,-0.0643189879596,-0.0744606706087,0.0221576517263
2.44003,12.3671875,7.80078125,6.703125,11.640625,296.518798828,256.774871826,220.310272217,289.051849365,-0.223821365453,-0.0816309406704,0.0246920634413
2.450006,12.390625,7.6328125,6.34375,11.7734375,300.157348633,250.369003296,214.518890381,291.558563232,-0.399641971316,-0.0431454253459,0.0422279122
2.460034,12.1484375,7.7734375,7.01171875,11.34375,303.552246094,244.868743896,211.185745239,293.106872559,-0.551800481565,-0.10544589545,0.0240755689403
2.47,12.125,7.8046875,7.046875,11.421875,305.221740723,240.495834351,208.935043335,293.55758667,-0.886319090735,0.000269620435924,0.0606408987392
2.480037,11.953125,7.92578125,7.21875,11.3125,307.246154785,237.338226318,207.451583862,294.719390869,-1.05729521181,-0.184043028947,0.00600314945322
2.490004,11.03125,9.0078125,8.46875,10.453125,305.238037109,237.718902588,209.559844971,291.979431152,-1.25824719689,-0.0259251135915,0.0280377882206
2.500014,11.046875,8.875,8.5,10.4296875,304.361907959,238.278289795,212.079116821,290.527740479,-1.37971549094,-0.0752442252454,0.0214823762141
2.510016,10.296875,9.828125,9.4453125,9.71875,300.289367676,241.610916138,217.077011108,285.927398682,-1.63256272001,-0.0529767423918,0.0220164034633
2.52,9.2890625,10.734375,10.125,8.96875,293.52230835,248.271118164,224.073989868,279.37097168,-1.85741524423,-0.081553643364,-0.0256913348095
2.530011,9.546875,10.4296875,9.9609375,9.0546875,288.274139404,252.423141479,229.360122681,274.127319336,-1.87217731179,-0.0937891786054,0.019788672437
2.540001,9.3984375,10.546875,9.859375,9.203125,283.74887085,256.63458252,233.770355225,270.504608154,-1.86961844657,0.115731556198,0.0129944645741
2.550009,9.328125,10.6953125,10.03125,8.9765625,279.384460449,260.570983887,238.110580444,266.371368408,-1.92667344446,-0.109684068385,-0.0507004290213
2.560089,9.484375,10.515625,9.75,9.3203125,276.05557251,263.642181396,241.056762695,264.00302124,-2.01681553314,-0.0207525738669,0.0395035650522
2.57,9.8359375,10.3359375,9.28125,9.7578125,274.426513672,265.616638184,242.286117554,263.477996826,-1.95133832602,0.270068274609,-0.0530606378937
2.580026,10.0625,10.2421875,9.1015625,10.015625,273.492523193,267.189666748,242.633834839,263.985015869,-2.05248776544,0.0148979478715,0.0274151293861
2.590012,10.359375,10.0,8.6796875,10.3984375,274.136444092,267.557495117,241.93536377,265.391967773,-1.88398171057,-0.0184382349737,-0.0668332323745
2.600003,10.3828125,10.1875,8.71875,10.34375,274.401580811,268.163238525,240.884368896,266.468109131,-1.70185856432,0.0545572984731,-0.111241091097
2.61001,10.0859375,10.546875,9.3671875,9.78125,274.250640869,270.378509521,242.194854736,266.180297852,-1.84833463643,0.0277168352217,0.0596351893259
2.620007,10.734375,10.0078125,8.671875,10.3125,275.710601807,270.176727295,241.281158447,266.898376465,-2.00846190322,0.187720209677,-0.0149690036811
2.630016,10.2421875,10.46875,9.078125,9.8828125,275.784057617,271.670684814,241.602127075,266.66116333,-2.09213144751,0.108695771685,0.0827526222498
2.640007,9.7265625,10.8515625,9.453125,9.3515625,273.729888916,274.147888184,242.810791016,264.155334473,-1.81192797198,-0.0715100368045,-0.107963575818
2.649999,10.1015625,10.46875,9.15625,9.625,273.49887085,275.257324219,243.529067993,263.218444824,-1.74703443436,0.106734832257,-0.0262329983197
2.660031,9.921875,10.75,9.5390625,9.2890625,272.306854248,276.942657471,244.703826904,261.016571045,-1.59294065533,0.0378283921294,-0.0271436948832
2.670005,9.7109375,11.0234375,9.625,9.1953125,270.998840332,280.85559082,246.637390137,258.972351074,-1.62659520256,0.0439932876377,-0.00992631533658
2.68007,9.5859375,11.1171875,9.8671875,8.9609375,268.871368408,282.38092041,249.12840271,255.933425903,-1.69982373442,0.0646487346699,0.0452469651562
2.690022,9.3359375,11.234375,9.84375,8.859375,267.155517578,283.905609131,250.8568573,253.854492188,-1.58616844922,0.213563751403,0.0121661166055
2.699999,9.046875,11.40625,9.9765625,8.8046875,264.444793701,286.560180664,252.87600708,251.466308594,-1.48291830276,0.0904736407158,0.0469259234515
2.710002,9.046875,11.359375,10.015625,8.7421875,261.881622314,288.995178223,254.451278687,249.37159729,-1.24753671252,-0.0934243327565,-0.059404887263
2.72001,9.15625,11.1015625,9.8828125,8.75,259.960723877,290.669494629,256.013397217,247.566925049,-1.07396184587,-0.0578866966496,-0.0559113320402
2.730002,9.359375,10.890625,9.84375,8.6875,258.939849854,290.513092041,256.901885986,245.594482422,-0.930318769829,-0.0495258279343,-0.0480311357487
2.740069,9.484375,10.6640625,9.5234375,8.8203125,258.519714355,290.051483154,256.868621826,244.559738159,-0.844349582621,0.0370609165903,0.0201555361807
2.750004,9.4921875,10.5703125,9.265625,9.0546875,258.364471436,288.742004395,255.911483765,244.211425781,-0.785748009639,0.183011206287,0.00508399622194
2.760003,9.6953125,10.3203125,9.03125,9.2265625,258.735015869,287.052032471,254.06362915,244.774353027,-0.583855854506,-0.0380320742882,-0.00320619667691
2.770004,9.8671875,10.1328125,9.0859375,9.09375,259.719146729,284.874206543,252.856933594,244.743850708,-0.440383764598,-0.114950908727,-0.0613601191075
2.780016,10.109375,9.8046875,8.828125,9.2578125,261.525115967,281.427337646,250.397750854,245.361526489,-0.357912396924,-0.144718679846,-0.0263937510081
2.789999,10.3984375,9.484375,8.640625,9.3125,263.540283203,278.429870605,248.718795776,245.931335449,-0.183358591428,-0.042447619445,-0.031756376114
2.800003,10.484375,9.578125,8.5546875,9.4609375,265.749023438,275.403625488,246.458831787,246.701812744,-0.205497836744,0.0249874984894,-0.0321087560028
2.810006,10.7421875,9.390625,8.609375,9.546875,268.587158203,272.502502441,244.682785034,248.001480103,-0.157673825216,-0.0607576154215,0.0157778606242
2.820005,10.7578125,9.4609375,8.1875,9.8828125,271.309509277,269.839141846,241.489868164,250.116943359,-0.0307776802675,0.00696472220102,-0.0600443823137
2.830012,10.515625,9.8125,8.78125,9.4375,272.567321777,268.991638184,240.850280762,250.55039978,-0.109798484524,-0.136270775441,0.00113681035405
2.840007,10.6640625,9.703125,8.5625,9.7109375,274.319946289,267.87020874,239.551803589,251.864059448,0.000247948277721,-0.0165154480049,-0.0264481841473
2.850067,10.703125,9.7421875,8.53125,9.8203125,275.972808838,268.48324585,238.446365356,253.144195557,-0.0321807298092,-0.00760687542437,-0.0120268272565
2.860022,10.453125,10.140625,9.0703125,9.5546875,276.647460938,268.054962158,238.977111816,253.713226318,-0.0709874524364,-0.106082961252,0.0114007791842
2.870008,10.5625,10.09375,8.78125,9.8515625,277.422180176,267.744873047,238.909866333,254.728408813,0.0196818936545,0.0234462841646,-0.0313480955401
2.88002,10.625,10.0703125,8.9921875,9.7890625,278.515106201,268.210418701,239.338043213,255.901031494,-0.0302528055051,0.0101429766447,0.00769495074194
2.890016,10.546875,10.234375,9.15625,9.7578125,279.144500732,269.197875977,239.995513916,256.483032227,0.0324744078639,-0.00155056810971,-0.0163212864474
2.900049,10.578125,10.296875,9.1328125,9.890625,279.54977417,270.542266846,240.866546631,257.276916504,-0.00253139429994,-0.0051636154059,-0.0100561606795
2.910006,10.6171875,10.3359375,9.1875,9.9453125,280.308563232,271.455047607,241.577850342,258.463531494,0.031265444173,-0.0949713330059,-0.0157513152239
2.920013,10.75,10.15625,9.0625,10.109375,281.185821533,271.969390869,241.770996094,259.818145752,0.0635465232534,-0.124854421781,-0.0210338076674
2.930007,10.7578125,10.1875,9.1328125,10.09375,282.175537109,272.204925537,242.304290771,261.026367188,0.0145864463359,-0.0154576007717,0.0124898678188
2.94,10.8984375,10.0234375,9.0625,10.140625,283.326965332,272.04296875,242.393249512,262.378936768,0.0827376611307,0.0372395991298,-0.0199366948473
2.950009,10.875,10.0546875,9.15625,10.140625,284.269927979,271.922943115,242.863937378,263.211578369,-0.0195277765898,-0.0629592137327,0.00420862996104
2.960016,10.890625,10.0859375,9.1796875,10.109375,285.369506836,271.83380127,243.23576355,264.046234131,-0.0117591377208,-0.0906286784736,-0.0643926507913
2.969999,10.8671875,10.0,9.1328125,10.0390625,286.008544922,271.579559326,243.712005615,264.432067871,0.0804423495344,-0.0653396429885,-0.00462752076042
2.980021,10.8359375,10.0859375,9.2421875,9.8828125,286.773040771,271.476135254,244.325927734,264.224639893,0.0672591405511,-0.0832358114173,-0.0422673617197
2.990008,10.9375,9.921875,9.1640625,9.8046875,287.152282715,271.243927002,244.6302948,263.904266357,0.0241585243496,-0.095805661941,-0.0328075640668
3.000001,10.8671875,9.9453125,9.015625,9.8203125,287.799865723,270.803833008,244.679153442,263.469726562,0.00830791610888,0.0184524440136,0.0273253805626
3.010011,10.859375,9.9765625,9.171875,9.6875,288.091339111,270.598144531,244.738754272,262.720794678,-0.014799635033,-0.0964065637316,-0.0598508351454
3.020003,10.8203125,10.0,9.15625,9.6875,288.201599121,270.485626221,245.006439209,262.034179688,-0.0144564535119,-0.0431951797315,0.0340266462533
3.030003,10.7578125,10.078125,9.109375,9.703125,288.280609131,270.642822266,245.004257202,261.48248291,0.0527780153804,-0.0635545656376,-0.0694389586183
3.040009,10.90625,9.78125,9.0,9.6796875,288.618133545,269.839904785,244.759613037,261.061187744,0.00912551604037,-0.142573547109,0.0105656764389
3.050013,10.8125,9.8125,8.828125,9.7265625,288.727142334,269.154296875,244.051956177,260.67010498,0.0386428321147,-0.0301503772105,-0.013290476685
3.060023,10.796875,9.7421875,8.8828125,9.6015625,288.924163818,268.444458008,243.689926147,260.181213379,-0.00359643476449,0.0227923614565,-0.0136499118587
3.070005,10.7734375,9.703125,8.703125,9.75,288.793151855,267.512634277,242.717971802,259.900512695,-0.0275893844908,0.0563281136222,0.0469698183122
3.080038,10.6796875,9.8359375,8.625,9.8125,288.595275879,267.3409729,241.600494385,260.2265625,-0.0143918349057,0.0345685230004,-0.0316150083538
3.090001,10.59375,9.8359375,8.7265625,9.734375,287.816436768,266.956298828,240.914794922,259.97253418,-0.0194275874674,-0.0211427365495,-0.00126466928551
3.100006,10.609375,9.78125,8.578125,9.8046875,287.465423584,266.627685547,240.011260986,260.066436768,0.0293336209723,-0.0184413413304,-0.0241395292397
3.110017,10.5703125,9.7421875,8.609375,9.7265625,287.074432373,266.483886719,239.340133667,260.171813965,-0.0139137934914,-0.00250817417216,0.000945351763403
3.119999,10.46875,9.8359375,8.6015625,9.78125,286.106933594,266.063690186,238.401016235,259.917144775,-0.0801185809661,0.113220277328,0.0446317324132
3.130008,10.375,9.90625,8.703125,9.6328125,285.384094238,266.535125732,238.347320557,259.753997803,-0.103557431312,0.0534370715873,-0.0036935362898
3.140051,10.265625,10.0234375,8.875,9.59375,283.839447021,267.001525879,238.455795288,258.924377441,-0.130239313401,-0.0462080309839,0.0107474992553
3.150004,10.2890625,10.0390625,8.9453125,9.6640625,283.103668213,267.643707275,238.945785522,258.836303711,-0.00668075863012,0.123562142833,0.00448266466703
3.160012,9.9296875,10.359375,9.1875,9.3828125,281.003997803,269.355224609,240.176605225,257.737915039,-0.0057949207283,0.00369754583472,-0.0162853563243
3.17,10.0625,10.3125,9.203125,9.4921875,279.594543457,270.444702148,241.291610718,257.053924561,-0.0808528721922,-0.0492979633352,0.00880380756868
3.180023,10.1171875,10.140625,8.96875,9.6328125,278.426391602,271.249145508,241.70703125,257.138305664,-0.0103274113432,0.0345266105896,0.0177438275604
3.190009,10.1875,10.125,9.078125,9.5703125,278.019317627,271.233551025,242.134658813,256.862304688,-0.0285088951448,0.179304472716,-0.010991970847
3.200005,10.3203125,10.0,9.0859375,9.6171875,277.8956604,271.20690918,242.584411621,257.048431396,0.0277705041081,-0.00992935408974,0.00744344643173
3.210075,10.3046875,10.0078125,8.8515625,9.765625,277.818511963,271.076446533,242.317749023,257.372650146,0.0734027999657,0.00527700952917,-0.0253397269647
3.219999,9.984375,10.3828125,9.140625,9.5234375,276.693603516,272.086791992,242.923812866,257.099029541,0.160417332304,-0.0104819462509,-0.0125322140874
3.230016,10.3125,10.0078125,9.0703125,9.6171875,276.434631348,272.165710449,243.254089355,257.12322998,0.180821682184,0.0153632570824,0.00981754034447
3.240006,10.390625,10.1171875,8.90625,9.875,276.926544189,272.075134277,243.071166992,257.784576416,0.13516444387,0.136012044778,-0.0102011645466
3.250007,10.296875,10.2265625,9.125,9.6953125,276.680480957,272.645385742,243.462921143,258.088287354,0.133450187254,-0.0502380312784,0.0191986197405
3.260018,10.34375,10.140625,8.8515625,9.9296875,276.860626221,272.63494873,242.930374146,258.856170654,0.253047883086,0.0526892463272,-0.0297028951092
3.270001,10.4453125,9.890625,8.78125,9.8984375,277.271057129,272.16696167,242.349121094,259.69128418,0.280572683912,-0.0227521539031,-0.00446602993288
3.280023,10.0078125,10.3046875,9.0234375,9.625,276.041259766,272.909667969,242.385650635,259.295532227,0.35266804029,0.0202423374772,-0.00347444392358
3.290019,9.6484375,10.6328125,9.2578125,9.4921875,274.362854004,274.471679688,243.235321045,258.586669922,0.370769822375,0.096516507375,0.000868484681687
3.3,9.4140625,10.8359375,9.6875,9.1015625,271.687408447,276.683044434,245.20489502,256.911010742,0.34737178378,-0.0715230833781,-0.00308156493767
3.310004,9.109375,11.1015625,9.8359375,8.96875,268.319488525,279.346099854,247.626052856,254.605957031,0.466051983922,-0.0426288322398,-0.0224840123109
3.320013,8.8984375,11.1875,10.3125,8.453125,264.564880371,282.474700928,251.401885986,251.049087524,0.522048781597,-0.0544878926535,-0.00366659561299
3.330003,8.71875,11.265625,10.3359375,8.2578125,260.777862549,284.977416992,254.775756836,247.043411255,0.710124938934,0.013387826805,-0.0326984240794
3.340003,8.5546875,11.25,10.5,7.953125,257.181762695,287.520904541,258.341400146,242.629821777,0.790724141167,-0.118245061149,0.000237896389376
3.350017,8.5234375,11.28125,10.59375,7.75,253.993148804,289.141662598,261.259552002,238.408447266,0.940597564172,-0.142294387275,-0.0515528125959
3.359999,8.453125,11.3046875,10.421875,7.82421875,250.856918335,291.018707275,263.998016357,234.748886108,1.18673966566,-0.0150738928555,-0.0320860410719
3.370001,8.5703125,11.140625,10.609375,7.5546875,248.553543091,291.826873779,266.446777344,230.883377075,1.30389846334,-0.033217405364,-0.0229401380826
3.380023,8.8046875,10.9140625,10.3203125,7.67578125,246.903961182,291.928924561,268.141815186,227.265701294,1.58033760636,-0.148543174221,-0.0373097006505
3.390003,8.8828125,10.796875,10.1875,7.703125,246.517089844,291.484680176,268.744049072,225.121276855,1.75244616599,-0.18498509812,-0.0298428681185
3.4,9.0625,10.625,10.0078125,7.81640625,246.401321411,290.32131958,268.660522461,223.287399292,1.9319243216,-0.0537694357813,-0.0158161580386
3.410011,9.25,10.4375,9.828125,7.87109375,247.173538208,289.054992676,268.30291748,222.07635498,2.1419855737,-0.00731609242413,-0.0306851054951
3.420003,9.4140625,10.2890625,9.65625,7.98828125,248.136703491,286.636474609,266.990631104,221.042663574,2.35406579618,-0.161675578164,-0.0515342819177
3.430006,9.546875,10.1015625,9.3828125,8.109375,249.54524231,284.746337891,265.417724609,221.082748413,2.54580443549,-0.112466506178,-0.00729777794689
3.440004,9.6328125,10.0703125,8.921875,8.46875,250.929870605,282.183410645,262.117004395,221.969192505,2.79166392958,0.118039185431,-0.0499766217616
3.45,10.6171875,8.9375,8.15625,9.1640625,255.157104492,276.74420166,256.935546875,225.206237793,2.7754765727,-0.136250055091,0.0547006926257
3.46002,11.3984375,8.1953125,6.6796875,10.28125,261.740783691,268.578521729,247.626052856,231.702545166,2.99028577823,0.107062058927,-0.0259495505024
3.470003,12.03125,7.41796875,5.48828125,11.0,268.670318604,259.47076416,235.868164062,239.6824646,3.00387944581,-0.00519114208192,0.00105166403161
3.480023,12.5,6.421875,4.26171875,11.484375,278.251403809,245.898971558,218.687240601,249.800415039,2.99464387694,-0.0134989773884,0.0619333817111
3.490017,13.0625,6.19921875,3.966796875,12.125,285.461730957,237.177398682,207.352539062,257.602783203,2.82866919308,0.00450635868982,-0.00374181680127
3.500011,13.296875,6.1015625,3.939453125,12.46875,292.657562256,229.06338501,196.883209229,266.016998291,2.60899183513,-0.0398626597214,0.0985767437496
3.510012,13.4765625,5.87109375,3.939453125,12.4921875,300.138183594,220.792785645,186.515670776,274.169433594,2.50062396323,-0.0563631541912,0.0759604470303
3.520088,13.21875,5.484375,3.986328125,12.3203125,305.7628479,212.285888672,177.598403931,280.815429688,2.12408058252,0.0967428239104,0.0869190603271
3.530007,12.890625,6.08203125,4.7109375,12.53125,310.300415039,206.53742981,171.90272522,287.136047363,1.70191171375,0.0752214153981,0.130700658569
3.539999,12.6328125,6.64453125,5.58203125,12.4765625,313.453948975,203.169845581,169.368209839,292.813751221,1.44782334065,0.0430151287438,0.106930527218
3.550009,12.2421875,7.29296875,6.78515625,12.21875,314.64666748,202.86390686,171.251800537,296.349029541,1.17177852488,0.0752756563587,0.0850875514561
3.560011,11.8828125,7.86328125,7.6328125,12.09375,314.378051758,204.64050293,175.586883545,299.54510498,0.776271283724,-0.011920015979,0.039068376735
3.570006,11.5078125,8.34375,8.140625,11.953125,312.821563721,207.613311768,181.525360107,301.448455811,0.380587704127,0.0304150421167,0.110017894276
3.580003,11.109375,8.734375,8.7421875,11.640625,309.912017822,212.751861572,189.525939941,302.403961182,0.23003771919,-0.021804125106,0.00265814811332
3.589999,10.609375,9.328125,9.328125,11.265625,307.117980957,216.824417114,195.26739502,301.678985596,-0.229963945893,0.14852689145,0.0766562501194
3.600012,10.3359375,9.6328125,9.65625,11.0546875,302.656402588,223.413467407,203.458511353,300.611755371,-0.472116116328,0.006089173863,0.00911444029129
3.610022,9.46875,10.4921875,10.2265625,10.546875,296.370544434,231.235855103,212.021835327,297.452606201,-0.503752211918,0.0845223191827,0.0207831921834
3.620011,9.0234375,10.953125,10.9375,9.7109375,288.970581055,240.211593628,222.369766235,292.184692383,-0.692351095111,-0.0139907435594,-0.0326892723004
3.630014,8.71875,11.3203125,11.2109375,9.5390625,281.711120605,248.281112671,231.439041138,286.715576172,-0.88523605079,0.0261101477721,-0.0155808425935
3.639999,8.421875,11.6328125,11.2265625,9.21875,274.28704834,257.067504883,240.372879028,281.378967285,-0.937921133247,-0.2394674933,-0.0929508426648
3.650013,8.1171875,11.6875,11.609375,8.5703125,267.73260498,263.718536377,248.221572876,274.971374512,-0.769525371445,0.0440830799138,-0.0125081364353
3.66002,8.328125,11.7109375,11.828125,8.2890625,261.46395874,271.12600708,256.62487793,267.692840576,-0.811825680152,0.117940102792,-0.0511719611528
3.670004,8.265625,11.890625,11.625,8.203125,256.546356201,277.516418457,263.397949219,261.632171631,-0.767041398676,-0.0498916904572,-0.0471443805619
3.680007,8.3359375,11.765625,11.484375,8.1171875,251.797195435,283.345672607,269.523956299,254.99621582,-0.612718190291,-0.070053062498,-0.058521325957
3.690011,8.5625,11.5546875,11.1015625,8.203125,249.548278809,286.880249023,273.191162109,251.05519104,-0.45455350593,0.0189796511257,-0.0391384607848
3.700003,9.0078125,11.265625,10.640625,8.5859375,248.632827759,288.606567383,274.874359131,248.330200195,-0.406577102576,0.0180757506171,-0.0489171410101
3.710023,9.515625,10.90625,10.515625,8.6484375,249.504135132,289.638000488,276.027923584,246.533920288,-0.199122910739,-0.189396529305,-0.0469199042825
3.719998,9.8515625,10.890625,10.203125,9.171875,251.73789978,289.877471924,275.877563477,245.962341309,0.0202970967377,0.0684293103662,-0.0471037027533
3.730016,10.375,10.5546875,9.8515625,9.578125,255.116958618,289.375793457,274.625854492,247.37638855,0.199896121048,-0.0908268553996,0.0206684266036
3.740121,10.734375,10.171875,9.6328125,9.75,259.716217041,287.304718018,272.632019043,249.156509399,0.26532996068,-0.100150407144,-0.0176862860775
3.750002,11.0859375,9.96875,9.3125,10.28125,264.535369873,284.772644043,269.667633057,252.635177612,0.338959880837,-0.0430578855758,0.0427026987143
3.760052,11.3828125,9.65625,9.1640625,10.5546875,269.708007812,281.958251953,266.863189697,256.301605225,0.378462860794,0.0273786140413,0.00241121678082
3.770006,11.578125,9.6328125,9.0859375,10.8671875,274.651702881,278.977264404,263.746704102,260.750091553,0.456403904603,-0.031493474532,0.0227934260473
3.780004,11.703125,9.3671875,9.1328125,10.9375,280.515441895,274.891052246,261.007659912,265.474090576,0.546226725302,-0.108941142116,0.0435723104879
3.790008,11.6328125,9.3828125,8.71875,11.2578125,283.437652588,272.879089355,258.400695801,268.75112915,0.563415244567,0.119072174963,-0.0252901134788
3.800012,11.640625,9.125,8.765625,11.296875,286.748565674,269.542938232,255.372238159,272.713928223,0.455154850648,0.0902175151685,0.116542150902
3.810002,11.5078125,9.0859375,8.453125,11.3984375,289.576599121,266.589935303,251.831695557,276.738372803,0.398242493763,0.122224944791,-0.00624586732687
3.819999,11.28125,9.109375,8.375,11.5078125,291.032043457,263.904846191,248.354232788,280.531768799,0.309065299004,0.0890293455445,0.0653119848817
3.830013,11.0078125,9.171875,8.46875,11.3828125,291.495391846,261.888183594,245.70375061,283.31640625,0.28288861232,-0.0319895280689,-0.00403942155528
3.840028,10.8046875,9.3046875,8.6015625,11.390625,291.298950195,260.275939941,243.815444946,285.738800049,0.356933535924,0.101077573335,0.01795333022
3.850013,10.7890625,9.125,8.671875,11.3125,290.838256836,258.835754395,242.449981689,287.370819092,0.186171878298,0.109443061134,0.0461804980643
3.86005,10.65625,9.1796875,8.671875,11.2734375,290.357269287,257.573516846,241.416809082,288.806762695,0.106975931274,0.0760591860987,0.0100744266099
3.870002,10.34375,9.2578125,9.03125,10.90625,288.141448975,256.587127686,241.604476929,288.767791748,-0.106753961333,-0.126753222443,0.0193068833091
3.880024,10.09375,9.3046875,9.15625,10.6796875,285.960327148,255.902069092,242.324157715,287.857086182,-0.0697760728842,0.0690133001668,-0.00837083453453
3.890008,9.7890625,9.515625,9.4375,10.40625,283.477203369,255.976669312,243.45489502,286.288269043,-0.163595748594,0.0928761404,0.00437125106885
3.899999,9.671875,9.5703125,9.6171875,10.15625,280.426422119,256.316497803,245.441116333,284.195800781,-0.20143069865,-0.00148043704412,-0.00332398400358
3.910002,10.0078125,9.265625,9.0546875,10.609375,278.668518066,255.616897583,245.347839355,283.124572754,-0.232866315161,-0.0255299966205,-0.0289670948255
3.920008,9.953125,9.1640625,9.3125,10.2109375,277.487579346,254.882476807,246.06427002,281.844024658,-0.310917436313,-0.184508315033,-0.0410209431633
3.930009,9.859375,9.3203125,9.4140625,10.046875,275.560424805,254.341796875,246.759063721,279.314544678,-0.279182233758,0.0642512307929,-0.0158836480342
3.940005,10.265625,8.8125,9.078125,10.1640625,275.631896973,252.759887695,246.696411133,278.030090332,-0.361731967464,-0.0774873270514,-0.0489596355733
3.950015,10.5625,8.4453125,8.578125,10.40625,276.372253418,249.751235962,244.992172241,277.587677002,-0.388588466843,-0.209039243093,0.00483964252823
3.959998,10.7578125,8.1328125,8.09375,10.6171875,277.928466797,245.64225769,241.391815186,277.886779785,-0.407870803943,-0.0437388287087,-0.0572951438036
3.969997,11.203125,7.4296875,8.171875,10.4375,280.664367676,240.397903442,238.941223145,278.014404297,-0.521365346451,-0.0984426790172,-0.00439831340989
3.98007,11.3984375,7.2265625,7.921875,10.65625,284.102355957,233.464630127,235.082214355,278.496856689,-0.722288372428,-0.0372637134749,0.00358534507812
3.990002,11.5,7.203125,7.46875,10.9375,286.676422119,229.878707886,231.998306274,279.972259521,-0.750312584179,0.0872773510342,-0.0260624367972
4.000066,11.3984375,7.30078125,7.41015625,11.046875,288.484771729,225.872390747,228.001464844,281.149017334,-0.913158202955,-0.0463692330793,0.0130589981266
4.010009,11.4921875,7.296875,7.4375,11.1328125,291.011352539,222.86541748,224.734771729,283.190795898,-1.01589490202,-0.0735969188923,-0.0418025783175
4.02,11.4609375,7.546875,7.375,11.3046875,292.642089844,220.89225769,221.690872192,284.864044189,-1.22209927053,0.211832258091,0.0246919313915
4.03001,11.2109375,7.90234375,7.30078125,11.4765625,293.670654297,220.179016113,218.8671875,287.25881958,-1.43617510454,-0.0440301103891,0.0206250132777
4.039998,11.109375,7.96484375,7.28515625,11.515625,294.042816162,219.76499939,215.975036621,289.109436035,-1.56151374322,-0.0129269042897,-0.00539953777072
4.049999,10.953125,8.140625,7.68359375,11.3515625,293.83303833,220.287506104,215.051345825,290.498138428,-1.83331247731,0.17835937029,0.0225388008303
4.060024,10.8984375,8.1796875,7.90625,11.359375,293.426025391,220.737304688,214.986358643,291.399963379,-2.05978098469,-0.00888880540525,0.0635174767611
4.069998,10.5234375,8.5859375,8.1328125,11.3125,291.855377197,222.638595581,215.490539551,292.047363281,-2.23752260581,-0.0535606492042,0.000805458334677
4.080029,10.421875,8.6015625,8.4921875,11.171875,289.83883667,224.827423096,217.842514038,292.416778564,-2.34879036748,0.0939816282778,0.0349840228929
4.090012,10.4453125,8.8671875,8.953125,11.15625,288.389556885,226.660522461,220.414581299,292.25567627,-2.75677340263,0.0700581184347,0.0635163994067
4.100056,9.4375,9.953125,9.9296875,10.5625,284.561431885,231.855804443,225.858413696,291.036712646,-2.73691504782,0.0207484431472,-0.0143078833269
4.110009,8.40625,10.78125,11.1875,9.65625,276.839813232,239.392333984,234.768997192,286.018432617,-2.81329003852,-0.0290575460043,0.0145054075153
4.120012,8.03125,11.328125,11.96875,9.0390625,269.565856934,248.012969971,244.992263794,280.254211426,-2.86776219358,0.165238801361,-0.0298791801233
4.130017,7.234375,12.109375,12.296875,8.7265625,259.971710205,257.654083252,255.327209473,274.028442383,-2.99198411078,0.00837336413348,-0.0151638646679
4.139999,6.61328125,12.484375,13.1328125,7.8125,249.80708313,267.723510742,266.868286133,265.825805664,-2.72564012087,-0.285411438489,-0.122236067746
4.150008,6.6484375,12.5546875,13.3515625,7.3828125,241.395965576,275.803985596,276.466247559,257.042205811,-2.36309986975,-0.350098380507,-0.12174648298
4.160015,7.12890625,12.65625,13.703125,7.0234375,235.584579468,283.892730713,286.78225708,248.299957275,-2.5179901175,-0.12875507498,-0.0312518198554
4.170007,7.6640625,12.8046875,13.671875,7.1484375,231.862533569,291.431915283,296.04699707,240.226669312,-2.20985213899,0.0179178474082,-0.0297001675036
4.180021,7.62890625,12.9609375,13.671875,7.05078125,228.719497681,299.812286377,305.827880859,233.114746094,-2.01581113626,-0.148339607069,-0.00283797707232
4.190007,8.0234375,12.8828125,13.3359375,7.4140625,227.737457275,303.647399902,310.215484619,229.606948853,-1.4307604263,-0.231660749798,-0.187328910303
4.200001,8.4765625,12.53125,13.09375,7.48828125,228.071411133,307.802429199,315.405487061,226.074890137,-1.16353489263,-0.276691716573,-0.082747728145
4.210014,9.3359375,12.0859375,12.8828125,7.69921875,230.929962158,308.985992432,318.178375244,224.230422974,-0.547070392774,-0.19798689173,-0.139444119155
4.220035,9.9140625,11.6328125,12.21875,8.28125,235.629135132,309.427215576,319.296051025,224.122299194,-0.464599929055,-0.199037318065,-0.0153403629755
4.230004,10.6953125,10.890625,11.5546875,8.9140625,243.396469116,306.444335938,317.173309326,226.198318481,-0.00194287175295,-0.154142971471,-0.0195783125514
4.240007,11.0390625,10.3046875,10.6484375,9.6015625,249.48260498,302.638214111,312.804229736,229.977859497,0.0912505640678,0.0759453126536,0.0378144715876
4.25002,11.5859375,9.46875,9.7421875,10.234375,256.437683105,295.468414307,305.547241211,235.741149902,0.69483472755,0.00244272195992,-0.0855193183499
4.260003,11.796875,8.625,8.6875,10.734375,263.772155762,286.678039551,295.845703125,242.320251465,0.620603870053,0.0369098695351,0.0477817116289
4.270004,12.125,7.90234375,7.83984375,11.3203125,271.477172852,276.977539062,284.982452393,249.820007324,0.943412736253,-0.00822732438099,-0.0283837831402
4.280036,12.1328125,7.3828125,6.56640625,11.84375,279.436157227,264.53918457,268.728424072,259.311645508,0.889747583675,0.287029682988,0.0148419337116
4.289999,12.3203125,6.828125,6.5625,11.90625,284.58972168,255.831298828,259.253662109,265.037384033,0.975926801958,0.00228033080708,0.042565752859
4.300005,12.046875,7.11328125,6.30078125,12.0859375,288.777862549,247.669204712,248.442749023,271.380279541,0.818470098094,0.188701879064,0.00862512874676
4.310005,11.8828125,7.28125,6.34375,12.2109375,292.761993408,240.717224121,238.677749634,278.390258789,0.739810603664,0.401278932614,0.082680140173
4.320002,11.6953125,7.39453125,6.5546875,12.1953125,294.828979492,235.830505371,231.372558594,283.475097656,0.575531276634,0.170650719244,0.0372414238865
4.330011,11.359375,7.96875,7.1015625,12.1171875,296.409576416,233.621551514,226.655960083,288.490875244,0.402843647159,0.246266996226,0.0506366046207
4.340012,10.859375,8.5703125,7.6328125,12.1015625,295.291503906,233.299484253,223.758514404,292.538970947,0.240925624672,0.184327890205,0.0603019466734
4.350003,10.59375,8.9296875,8.2265625,11.9296875,294.25390625,234.553268433,223.935211182,295.648254395,0.0522431379864,0.250893703303,0.0394464858401
4.360007,10.0234375,9.5703125,9.140625,11.5703125,290.628417969,237.615921021,226.512619019,296.659881592,-0.184837146881,0.249500014396,0.0260879380663
4.370011,9.828125,9.8203125,9.6796875,11.3515625,287.579223633,241.43019104,231.005813599,297.374572754,-0.288839568447,0.145557517026,0.0346148892564
4.380018,9.375,10.3125,10.109375,11.09375,281.481964111,247.139526367,237.050720215,296.306427002,-0.359626805378,0.162779987512,-0.0302056679974
4.39001,9.21875,10.484375,10.59375,10.8515625,278.635559082,251.035018921,241.894821167,295.738525391,-0.482772486331,0.0567501713751,-0.00571759243514
4.40001,9.09375,10.7265625,10.9375,10.578125,273.83380127,255.609725952,247.905853271,293.114837646,-0.619878909562,0.0641857800591,-0.0308810876578
4.410051,9.0390625,10.8515625,11.1953125,10.2734375,270.506530762,260.6847229,254.546035767,290.972839355,-0.5642252287,0.104811963111,-0.058027482716
4.419999,8.796875,11.1015625,11.5859375,9.84375,265.669342041,265.172973633,261.270935059,286.571716309,-0.630206323728,-0.208670380251,-0.0314997569489
4.43001,8.9609375,11.1171875,11.6484375,9.6875,263.212432861,269.451904297,267.241119385,283.177368164,-0.472369459359,-0.0252577287888,-0.103840713587
4.440003,9.1328125,11.09375,11.6015625,9.578125,260.585021973,273.042419434,272.665222168,278.871795654,-0.489657863932,0.0445355177064,-0.0348656391183
4.450022,9.484375,10.9765625,11.7578125,9.296875,260.088165283,275.722900391,277.416229248,274.988952637,-0.334523120793,-0.337952741577,-0.122350838016
4.460021,9.6328125,10.9296875,11.3671875,9.5234375,260.117340088,278.158752441,281.013031006,271.985900879,-0.216248199712,-0.126083958261,-0.044114496354
4.469999,9.9921875,10.734375,11.1796875,9.5234375,261.136138916,279.135284424,282.733764648,269.545257568,-0.11736943094,-0.0519397841136,-0.0973509987459
4.480026,10.625,10.078125,10.6953125,9.703125,264.847198486,277.955993652,283.429199219,267.851837158,-0.0783533627293,-0.246353044811,-0.0118779192809
4.490012,10.6953125,10.015625,10.4296875,9.890625,267.184814453,276.52520752,282.471801758,267.187194824,0.060156509657,-0.163684487653,-0.0223406637146
4.499999,10.78125,9.7421875,9.8984375,10.0703125,270.10925293,274.839752197,280.70904541,267.47253418,0.173056713611,0.0936180240897,-0.0239634462048
4.510002,10.8203125,9.5625,9.921875,9.984375,272.141265869,272.244476318,278.443511963,266.979278564,0.182461236906,-0.214932499614,0.0124878197809
4.520008,11.078125,9.2109375,9.4296875,10.34375,275.487884521,269.126220703,275.097808838,268.274597168,0.435370198529,-0.127497342371,-0.0721369406621
4.529998,10.9921875,9.1640625,9.1953125,10.5390625,277.722473145,266.031677246,271.237426758,269.695709229,0.326863632048,0.073709779042,0.0356390456145
4.540008,11.1640625,8.890625,9.265625,10.4921875,280.423522949,262.362091064,268.12890625,271.1590271,0.410090503358,-0.139680892527,-0.00339175614493
4.550012,11.1171875,8.8125,9.0234375,10.7421875,282.47479248,259.310455322,265.030395508,272.944335938,0.307708527587,-0.0426601989842,0.0292893053117
4.559999,10.8828125,8.9609375,8.9609375,10.9140625,283.493408203,256.670959473,261.505218506,275.164093018,0.250909054147,0.166485049955,0.0851362460771
4.569998,10.6875,8.9375,8.984375,10.890625,283.979309082,254.870910645,259.03729248,277.044708252,0.264946550644,0.14096759141,0.0139625985308
4.580022,10.4921875,9.09375,9.1953125,10.875,283.168731689,253.209579468,256.864593506,278.731201172,0.167976981934,-0.0350468297409,0.0454514086857
4.590002,10.3515625,9.1484375,9.1171875,10.9765625,282.719451904,252.69430542,255.661636353,280.208862305,0.200756100109,0.037363936549,-0.0233269408754
4.600008,10.0703125,9.3359375,9.328125,10.9140625,280.961517334,252.620986938,254.999008179,281.281280518,0.13266675652,0.170441642614,0.0384073047561
4.610003,10.1171875,9.296875,9.609375,10.828125,279.78692627,252.442382812,255.125106812,282.145477295,0.124103198575,0.0494974217571,0.0117052710593
4.620007,9.9453125,9.4921875,9.5625,10.9375,278.131134033,252.996826172,255.521759033,282.99810791,0.0525715388925,0.0927497172323,0.00657151369989
4.630022,9.84375,9.625,9.8046875,10.84375,276.373443604,253.792190552,256.265960693,283.583862305,-0.0300795971538,0.0484796974957,0.0206011353195
4.639999,9.8671875,9.625,9.78125,10.8671875,274.945251465,254.656311035,257.159454346,284.139465332,0.0130126660651,0.0238871855302,-0.022752287334
4.650027,9.7734375,9.71875,10.109375,10.640625,273.33682251,255.703842163,258.743530273,283.799377441,-0.133378171463,0.0285067733327,0.00687210939999
4.660017,9.3203125,10.109375,10.6171875,10.1640625,270.636657715,257.850341797,261.868927002,282.141174316,-0.00495678880123,0.0922890113861,-0.0222932280929
4.669999,9.265625,10.203125,10.640625,10.0625,267.81338501,260.02154541,264.819854736,280.022277832,-0.0090554692145,0.0309881562998,-0.0337368046801
4.680024,9.4453125,10.078125,10.609375,10.09375,265.788208008,261.898590088,267.591003418,278.361816406,0.0288137494457,-0.0413412027645,-0.0197776260216
4.690011,9.0390625,10.484375,10.875,9.7421875,263.318695068,263.961608887,270.142059326,276.008239746,0.0896283071518,0.0318679034959,-0.0435590910586
4.700002,8.890625,10.6484375,11.34375,9.1875,260.744476318,266.657562256,273.812194824,272.758911133,0.101793775226,-0.176570263212,-0.0378498495757
4.710043,8.7265625,10.8046875,11.4296875,9.0078125,257.439086914,269.417907715,277.517791748,268.135253906,0.264217560266,-0.0441619902111,-0.0503940834167
4.720071,8.5546875,10.953125,11.6484375,8.625,254.266494751,272.82913208,281.626800537,263.401763916,0.314573103514,-0.0815072623235,-0.04962075845
4.730012,8.4921875,11.0078125,11.6640625,8.40625,251.116394043,275.365325928,284.982727051,258.314117432,0.538303872913,-0.000241361592133,-0.0450295050674
4.740046,8.34375,11.1015625,11.59375,8.296875,247.941345215,278.380950928,288.24230957,253.397018433,0.660144103193,0.0106895042344,-0.0376251542189
4.750003,8.390625,11.0546875,11.5546875,8.1484375,245.303375244,280.504608154,290.261810303,249.263916016,0.856242771243,-0.0876527653555,-0.0215040237963
4.760013,8.265625,11.1484375,11.28125,8.3203125,243.832427979,282.624267578,291.678192139,245.838806152,1.03449807492,0.0960965972001,-0.0542977459464
4.770001,8.4453125,10.96875,11.2734375,8.2265625,241.150588989,284.093444824,292.452423096,242.67791748,1.2740331397,-0.110702876858,-0.00488479542271
4.780012,8.5390625,10.8984375,10.9296875,8.4296875,239.028106689,285.053863525,292.349151611,239.959732056,1.4804767822,0.0148348483386,-0.0665386247605
4.789998,8.6171875,10.734375,10.7734375,8.515625,238.420959473,285.32989502,291.605957031,239.092437744,1.65770994119,-0.0520392098691,0.0378635171683
4.799998,8.9140625,10.453125,10.46875,8.6875,238.864181519,284.393798828,289.749267578,238.132217407,1.9957484936,0.0283815894948,-0.0965168673308
4.810016,8.984375,10.4140625,10.234375,8.953125,239.788421631,283.753662109,287.748168945,238.678665161,2.1240750728,0.0716467650237,0.0262263601503
4.820051,9.25,10.140625,10.1328125,9.0703125,241.020950317,281.873291016,285.150512695,239.028656006,2.31194734051,-0.0515916430337,0.00336174208894
4.830006,9.3515625,10.0859375,9.8125,9.359375,242.705780029,280.422119141,281.995483398,240.903900146,2.5006186991,-0.00574671239232,-0.0137553337173
4.839999,9.5,9.921875,9.796875,9.4921875,244.202590942,278.197113037,279.094451904,242.394058228,2.64633929533,0.109326343835,0.0341155511183
4.850009,9.5859375,9.78125,9.7109375,9.5390625,246.283599854,276.23449707,276.708496094,244.404296875,2.88161602714,-0.057051330641,-0.0388320776801
4.860022,9.6796875,9.5703125,9.640625,9.59375,247.972427368,273.47769165,273.966491699,245.975097656,2.92183948187,-0.108796745792,0.055069490205
4.870006,10.640625,8.453125,8.453125,10.5546875,252.881759644,267.440246582,268.131713867,250.5496521,2.97872811864,-0.0402457329096,-0.00234932951688
4.880003,11.5078125,7.30078125,7.76953125,11.1328125,260.453552246,256.880828857,259.20111084,257.690704346,3.15861432274,-0.1072904837,-0.0130196909374
4.889998,11.984375,6.68359375,6.95703125,11.8515625,267.50692749,247.710540771,250.70111084,264.382171631,3.18985229118,0.058438628264,-0.008087285037
4.899997,12.46875,5.765625,6.32421875,12.2890625,274.714202881,237.197616577,241.890701294,271.666229248,3.0997605709,-0.0114458445294,0.0328256764739
4.910022,12.84375,4.890625,5.6015625,12.640625,282.151794434,224.538375854,231.21321106,279.142974854,2.88037956072,0.00663673003177,0.0419909925704
4.919998,12.8828125,4.67578125,5.21484375,12.828125,289.757995605,212.476806641,219.878356934,287.132659912,2.63313416937,-0.0175875162805,0.0187340139311
4.930002,12.859375,4.51171875,5.59765625,12.828125,295.63961792,201.837738037,211.82875061,293.221832275,2.44760792665,-0.13219396105,0.00374356632138
4.940002,12.8515625,5.0625,5.828125,12.9140625,301.174621582,194.061004639,205.35369873,299.308959961,2.17538814983,0.0585218649566,0.0549970388167
4.950005,12.8828125,5.41015625,6.36328125,12.71875,305.967987061,188.522994995,201.419830322,304.082092285,1.8538824673,-0.0617905925311,-0.0616812369994
4.960009,12.546875,6.00390625,7.09765625,12.4375,309.054870605,185.485733032,200.532928467,307.304016113,1.45942610441,-0.118556724085,0.0261571263002
4.969999,12.1953125,6.62109375,7.6015625,12.25,310.730529785,185.516662598,201.510696411,309.346893311,1.09580686003,-0.00255732661505,0.0342945627111
4.98002,11.734375,7.515625,8.203125,11.9375,310.702178955,189.071685791,204.54750061,309.837402344,0.719788429134,0.0956539556303,0.0392346513938
4.990013,11.3125,8.0,8.8828125,11.484375,309.620666504,192.350357056,207.941802979,309.240478516,0.395583997907,-0.0653504767337,-0.0249251527833
