0.0,0,0,0,9.6640625,0,0,0,255.817489624,-0.0182164828594,0.0128530689754,0.0270583643368
0.009991,9.484375,9.171875,9.765625,9.578125,259.635467529,246.976715088,262.393981934,255.530578613,0.00139244644874,0.010075373568,-0.0262435975715
0.019999,9.5703125,9.0390625,9.8359375,9.5078125,259.423858643,246.856872559,262.886688232,255.197784424,0.00388839563535,-0.0139833345733,0.0348771188194
0.030001,9.5,9.1328125,9.75,9.640625,259.511108398,246.89944458,263.028564453,255.368240356,-0.0170945749019,0.010564727654,-0.00110831146003
0.039996,9.5078125,9.125,9.703125,9.6796875,258.963989258,246.809020996,262.839477539,255.478408813,-0.00116273533417,0.00352613274219,0.0089110462454
0.04999,9.4609375,9.1328125,9.734375,9.671875,258.901672363,247.062347412,262.967651367,255.906066895,-0.00950038404555,0.0557054721237,0.0202531963575
0.060012,9.5234375,9.109375,9.84375,9.609375,258.613189697,246.889785767,263.081176758,255.733337402,-0.019196111692,-0.0720054475441,-0.0200369596376
0.069989,9.5234375,9.078125,9.828125,9.6171875,258.635406494,246.851028442,263.514007568,255.703399658,-0.00432435878347,-0.0734080453757,0.0236338386847
0.080013,9.515625,9.09375,9.7890625,9.6953125,258.53237915,246.653427124,263.505706787,255.913650513,-0.00636473905169,0.038400722724,-0.00344853950416
0.089999,9.6171875,9.0546875,9.75,9.703125,258.489227295,246.44859314,263.511932373,256.085418701,0.0573691414943,0.0527788922586,-0.00969260699979
0.099987,9.578125,9.078125,9.8203125,9.71875,258.8487854,246.557479858,263.810058594,256.572753906,0.0195882285533,-0.000967292734437,0.0172483841296
0.110002,9.59375,9.109375,9.84375,9.7265625,258.794952393,246.405914307,263.824768066,256.618469238,-0.0258917732306,-0.0919728110103,-0.00265835820902
0.120012,9.5625,9.125,9.75,9.7734375,258.965606689,246.629730225,263.985290527,257.188323975,0.00488079112241,-0.00251726341448,0.0104563588853
0.129991,9.609375,9.0390625,9.8125,9.703125,259.04083252,246.356185913,263.974060059,257.422515869,0.0178591966667,0.0244212374578,-0.00246004755519
0.139995,9.6953125,8.984375,9.8203125,9.7265625,259.336303711,245.994430542,264.161743164,257.507568359,0.0500535828209,-0.0204867767973,-0.0184678923761
0.150002,9.625,9.1015625,9.8671875,9.75,259.604003906,246.208099365,264.540771484,257.960021973,-0.00766049531696,-0.049851951339,0.0124460095369
0.159994,9.625,9.1015625,9.78125,9.8125,259.500610352,246.077301025,264.387237549,258.248535156,0.00337893168578,0.00444225182114,0.00231657114746
0.170009,9.625,9.0859375,9.7734375,9.7890625,259.773132324,246.241744995,264.569061279,258.737213135,0.0305996621834,0.039262210468,-0.00447638275672
0.18001,9.6875,9.0078125,9.90625,9.6875,259.855804443,245.867553711,264.735961914,258.673980713,0.0203235670491,-0.0877573713125,-0.00300232779423
0.189993,9.671875,9.078125,9.8046875,9.8125,260.070465088,245.858520508,264.835906982,258.834716797,0.00334412486486,-0.00678352153669,-0.0119229616387
0.199995,9.625,9.109375,9.8359375,9.734375,260.085632324,246.061965942,264.932952881,259.142669678,-0.0328021180809,-0.0225038180934,0.00492532166581
0.21001,9.65625,9.0625,9.828125,9.75,259.994476318,245.9012146,264.897338867,259.09552002,0.0419071328628,0.0350679652532,-0.00392595112943
0.219987,9.625,9.109375,9.8125,9.7421875,260.24017334,246.075836182,265.111358643,259.224639893,0.0207425533552,-0.0118378750634,-0.0091726659176
0.229992,9.6875,9.09375,9.8046875,9.6640625,260.255737305,246.086959839,264.854705811,259.08392334,0.0186582904036,-0.0764049668151,0.0186220946874
0.239999,9.71875,9.2265625,9.5625,9.734375,260.72064209,246.54335022,264.257476807,259.001281738,0.015750871178,0.0825453104794,0.00203498883608
0.249997,9.859375,9.234375,9.5546875,9.484375,261.394195557,247.186904907,263.456634521,258.470825195,-0.0376454869209,-0.0462560346187,0.0203198575051
0.260011,9.9140625,9.4375,9.3828125,9.4296875,262.278808594,248.222198486,262.146942139,257.269317627,-0.0013698375929,0.000531874261818,0.0358267009558
0.269995,10.015625,9.609375,9.2421875,9.25,263.39541626,249.778289795,260.730010986,256.043518066,0.00282449315399,-0.00880933369158,0.0561254950058
0.280014,10.2109375,9.6796875,9.1328125,9.0625,265.060577393,251.736312866,258.555847168,253.768508911,0.0353466323769,-0.0493930918017,0.105335200226
0.290004,10.3046875,9.890625,8.875,9.03125,266.777099609,253.411773682,256.74395752,252.286529541,0.0385298200989,0.0638117751481,0.106811074656
0.299994,10.5078125,9.890625,8.8203125,8.78125,268.438293457,255.179336548,254.558441162,250.280670166,-0.0285410370148,-0.0318521486844,0.167057413074
0.309992,10.53125,10.09375,8.5703125,8.7890625,270.480682373,257.455810547,251.926071167,248.083984375,-0.0359781837113,0.0286651990072,0.202910010956
0.319996,10.59375,10.21875,8.5078125,8.609375,272.436920166,259.883392334,249.228500366,245.79019165,-0.0134762509631,-0.00947866108357,0.22409417476
0.329999,10.6875,10.2421875,8.4140625,8.453125,274.245544434,262.042144775,246.634231567,243.399200439,0.0326704525602,-0.00661189834456,0.279157016417
0.339989,10.78125,10.4140625,8.2890625,8.4453125,276.363555908,264.433044434,244.005340576,240.966888428,0.0404543659226,0.045076306428,0.31595287507
0.350007,10.9296875,10.3359375,8.3359375,8.2578125,278.207244873,266.239379883,241.881240845,238.622360229,-0.0508493062302,-0.112927443135,0.371418443932
0.360001,10.8828125,10.4609375,8.09375,8.4375,280.110809326,268.072631836,239.308273315,236.881668091,-0.0142966148879,0.0498932454944,0.403749152919
0.369985,10.875,10.5234375,8.203125,8.2421875,281.66897583,270.022705078,237.264007568,234.890899658,-0.0396249858257,0.0391031834201,0.44757590787
0.380012,10.921875,10.453125,8.2578125,8.1640625,283.424163818,271.669219971,235.351715088,232.51914978,-0.00992945804039,-0.0265395749303,0.483356318142
0.389983,10.9296875,10.5625,8.1640625,8.328125,284.483154297,272.802825928,234.194381714,231.496124268,0.00943162645234,0.0343806834059,0.50206751468
0.399997,10.9375,10.515625,8.3125,8.1015625,285.624542236,274.152038574,233.209976196,229.853225708,-0.036005754883,-0.0600198873491,0.548494048564
0.409996,10.9765625,10.59375,8.15625,8.2734375,286.630706787,275.192779541,231.994567871,228.949935913,0.0286775913303,0.0136335688255,0.555335682408
0.419996,10.984375,10.5859375,8.25,8.140625,287.633331299,276.538513184,231.29649353,227.69883728,-0.0261968672161,-0.0361485577712,0.611181406745
0.429992,11.0078125,10.6328125,8.15625,8.15625,288.521789551,277.219665527,230.141387939,226.749023438,-0.0469233390863,-0.0035911389352,0.626669900473
0.440002,11.0234375,10.640625,8.078125,8.171875,289.220947266,278.223846436,229.075805664,225.883361816,-0.0308796774381,-0.0444967149163,0.657491052137
0.45,11.046875,10.734375,8.15625,8.0234375,290.28515625,279.074035645,228.302612305,224.875579834,-0.0443572255769,0.0675153210576,0.69233961562
0.459985,11.15625,10.7421875,8.03125,8.0703125,291.070373535,280.133636475,227.155014038,223.976089478,0.00746523979588,-0.0122762862486,0.701941988834
0.469987,11.2109375,10.8515625,8.0,8.015625,292.126068115,281.180267334,226.301177979,223.177261353,-0.0193111468666,0.00632651313176,0.757223489769
0.480035,11.265625,10.9609375,7.9765625,8.046875,293.315917969,282.691070557,225.087203979,222.167449951,-0.0133538461997,0.0339828915827,0.750817497327
0.489993,11.3671875,10.9609375,7.94921875,7.90625,294.415893555,283.714660645,224.330352783,221.497436523,0.024843329124,-0.0674899249482,0.824317763016
0.499987,11.375,11.0703125,7.74609375,8.0078125,295.559570312,284.962768555,222.951431274,220.797271729,0.0138256454653,0.0967902741881,0.815957790071
0.509989,11.46875,11.1171875,7.87109375,7.73828125,296.828857422,286.456298828,221.940231323,219.452255249,-0.0717348488244,-0.0807629007577,0.890395865772
0.520002,11.5234375,11.15625,7.5625,7.85546875,297.987091064,287.421081543,220.304702759,218.662719727,0.0463890832113,0.0640345632605,0.890951749978
0.530007,11.53125,11.265625,7.546875,7.67578125,298.964660645,288.988830566,218.785186768,217.393081665,-0.027360630391,-0.00400626246745,0.958842206687
0.539993,11.5703125,11.203125,7.48828125,7.5703125,300.220550537,289.869384766,217.023117065,215.897766113,-0.0164630876256,-0.0495898839883,0.977191975999
0.549996,11.6171875,11.2890625,7.3046875,7.68359375,301.013275146,291.163848877,215.008575439,214.871871948,0.0147440953842,0.0381059333511,1.02044136982
0.560045,11.640625,11.296875,7.3671875,7.51171875,302.265197754,292.165313721,213.435913086,213.612518311,0.0100832235922,-0.044498584247,1.07796001118
0.570005,11.734375,11.296875,7.29296875,7.51953125,303.08605957,292.944519043,211.83241272,212.393356323,-0.0248321713745,-0.0498376023333,1.08532803923
0.580004,11.78125,11.328125,7.25,7.52734375,304.750976562,294.115234375,210.138748169,211.335998535,0.0223315878055,0.0361649566348,1.1597439392
0.589994,11.796875,11.3359375,7.3359375,7.48828125,305.226470947,294.739044189,209.259643555,210.347320557,0.00548430176853,-0.0507129499124,1.14886571576
0.6,11.8515625,11.3359375,7.41796875,7.34765625,306.630554199,295.495147705,208.715301514,209.355621338,-0.038890120486,-0.0120028442245,1.2343098515
0.610039,11.8671875,11.359375,7.19140625,7.57421875,307.303314209,296.036193848,207.230697632,208.56993103,0.0273202214014,-0.0337203525318,1.20309405559
0.619988,11.765625,11.3203125,7.578125,7.3671875,308.175964355,298.325012207,207.465927124,207.768692017,-0.0107132506359,-0.0130892281735,1.29762605019
0.629995,11.640625,11.2109375,7.5234375,7.7265625,308.056732178,297.133789062,207.314041138,207.886413574,-0.0157081692011,-0.05305370134,1.26129744268
0.639996,11.4765625,11.0078125,7.87109375,7.875,307.750854492,296.003936768,208.616973877,208.962539673,-0.0473751522369,-0.0475872018889,1.32781356281
0.650003,11.21875,10.875,8.1328125,8.171875,306.386657715,294.756347656,210.293289185,210.372268677,0.0431453023871,0.0523101095453,1.27048406743
0.660015,10.984375,10.5625,8.546875,8.328125,304.449768066,293.506103516,213.640853882,212.794174194,-0.12017862928,-0.0958079671177,1.31431217343
0.669991,10.671875,10.3203125,8.6875,8.7421875,301.877746582,291.16027832,216.545043945,215.646911621,0.0336925947653,0.00455005469394,1.24670625095
0.680018,10.3984375,10.0703125,9.1171875,8.8828125,298.240264893,287.870727539,221.599685669,219.675079346,-0.0415325446163,-0.00566741755914,1.24091207125
0.689997,10.1640625,9.7890625,9.3203125,9.140625,295.041412354,284.567749023,225.038787842,222.886672974,0.00304155680515,-0.0620203914744,1.17488018347
0.699985,9.953125,9.5703125,9.5078125,9.4453125,291.27746582,281.100006104,229.222000122,226.877151489,0.00290599538959,-0.09567559987,1.14921335304
0.709992,9.7421875,9.359375,9.734375,9.59375,287.711242676,277.184509277,233.557342529,230.986618042,0.00119252961183,0.0654980395438,1.09881545231
0.720002,9.7265625,9.078125,9.9296875,9.7578125,283.931274414,272.573669434,237.951980591,235.041015625,0.0290709631472,-0.0777327448315,1.03468042854
0.72998,9.6640625,8.9296875,10.03125,9.9609375,280.924957275,268.428009033,242.395523071,239.565139771,0.0429603580301,0.00049051877805,0.986035342719
0.739997,9.59375,8.8984375,10.1015625,10.015625,277.581665039,264.498626709,246.263473511,243.197036743,0.0203135332274,-0.111960166415,0.917592728818
0.750003,9.65625,8.71875,10.2109375,10.078125,275.548919678,260.900421143,250.18548584,247.203094482,0.125227103296,-0.162145778723,0.896659393087
0.759995,9.5703125,8.8359375,10.2109375,10.2421875,272.813201904,257.658416748,253.419296265,250.336410522,0.0214587122853,0.075511036575,0.823834555592
0.770017,9.71875,8.6171875,10.34375,10.078125,271.602752686,254.502532959,256.872253418,253.497207642,-0.0141457930952,-0.11581159327,0.839948768459
0.780008,9.6875,8.6953125,10.21875,10.28125,269.498840332,251.251037598,259.639556885,256.456481934,0.0359322424346,-0.0820980512746,0.754396176605
0.790016,9.5859375,8.7890625,10.28125,10.265625,268.730224609,249.957199097,261.486206055,258.676422119,0.0749191633859,0.00954002142661,0.736811283834
0.799993,9.7578125,8.5859375,10.34375,10.1796875,267.523986816,247.881378174,263.491607666,260.369293213,0.101120797104,-0.146644205503,0.71467682452
0.810002,9.7265625,8.7109375,10.4140625,10.234375,267.013763428,246.384536743,265.723114014,262.045959473,-0.00511927964719,-0.0775369251628,0.698104328638
0.819986,9.7265625,8.6171875,10.375,10.3671875,266.106170654,244.708282471,267.486907959,264.126037598,-0.0010304001155,-0.0314127511507,0.69195032896
0.829993,9.5625,8.6484375,10.4140625,10.3515625,265.124206543,243.460464478,269.282470703,265.595001221,-0.0285098552977,0.0788674576758,0.660887480409
0.84,9.46875,8.6171875,10.625,10.328125,263.882537842,242.113021851,271.176513672,267.060516357,-0.03950396559,-0.13285385603,0.609403154974
0.849998,9.265625,8.609375,10.671875,10.4140625,261.905303955,241.167907715,273.21472168,268.432434082,-0.0421328210583,-0.0535951200709,0.582375638146
0.860019,9.03125,8.5859375,10.6953125,10.546875,259.755279541,239.934188843,275.073547363,270.113555908,-0.0264187061045,0.0685272695398,0.588985777806
0.869994,9.0625,8.2265625,10.90625,10.3828125,257.719390869,238.140182495,277.078674316,271.021942139,0.00736835270667,-0.12605319605,0.520695039744
0.880012,8.7265625,8.375,10.921875,10.578125,254.569396973,236.487014771,279.597045898,272.731811523,-0.116622393617,0.013230291303,0.542011885263
0.889998,8.609375,8.2265625,10.9609375,10.6796875,252.165756226,235.080200195,281.030029297,274.071289062,-0.0883700109602,0.0786363827797,0.464569882499
0.900018,8.375,8.125,11.109375,10.71875,249.347610474,233.575119019,283.12588501,275.419708252,-0.0729405729409,0.0120746008996,0.443026387915
0.909989,8.203125,8.0859375,11.203125,10.75,245.888000488,231.636276245,284.98135376,276.832763672,-0.0551061565527,-0.0675611691588,0.402172159929
0.919995,8.1015625,7.859375,11.1328125,10.8828125,242.776290894,229.585235596,286.975311279,278.464385986,-0.0197733286879,0.0393507095909,0.311391149142
0.929999,8.015625,7.6640625,11.25,10.8359375,239.656860352,227.001907349,288.469390869,279.669158936,-0.0621084538378,-0.134736778672,0.34639217081
0.940045,8.0703125,7.41796875,11.265625,10.890625,237.211273193,223.608322144,290.310852051,281.051849365,-0.025554041663,0.00293556764783,0.243364074059
0.949996,7.765625,7.52734375,11.3125,10.953125,234.021347046,221.374954224,291.615081787,282.193328857,-0.097117744819,0.0893808063973,0.26104195584
0.959996,7.8359375,7.265625,11.4296875,10.921875,231.617874146,218.488632202,293.282806396,283.366241455,-0.00836512088432,-0.115826629444,0.168797369771
0.969988,7.67578125,7.44140625,11.375,11.125,228.779632568,216.391159058,294.572418213,284.631530762,-0.0434248255594,0.0357623313398,0.155795807966
0.98,7.76171875,7.1796875,11.5234375,10.9609375,226.405105591,213.542022705,296.429077148,285.847381592,-0.00915387070018,-0.0651763632557,0.0773547615079
0.989992,7.7734375,7.1328125,11.453125,11.0703125,225.1459198,211.748550415,297.389709473,286.588348389,-0.00996538733324,-0.0204538786154,0.119224606756
0.999995,7.83984375,7.06640625,11.4765625,11.125,223.596359253,209.291168213,298.205718994,287.677703857,0.0222154039248,-0.0307268123289,0.0202072029562
1.009992,7.7734375,6.9375,11.421875,11.2265625,222.534744263,207.168655396,299.304443359,288.920196533,0.0120309558685,-0.0713798327187,-0.000797202152299
1.019991,7.78125,6.953125,11.53125,11.1875,221.089904785,204.980453491,299.889190674,289.852478027,0.027391588404,0.0309512621154,-0.0293497705859
1.029996,7.7578125,6.93359375,11.484375,11.3046875,220.367126465,203.339202881,301.04083252,291.25201416,0.0326939128786,0.0616569580033,-0.0799836130782
1.040009,7.68359375,6.953125,11.625,11.34375,218.859558105,201.485366821,301.568695068,292.179962158,0.0546114994131,-0.0594721826249,-0.0993058223375
1.05001,7.703125,6.83984375,11.5625,11.3984375,218.406219482,200.157714844,302.763946533,293.740356445,0.0221499275461,0.0657624120893,-0.132117856601
1.060022,7.6953125,6.859375,11.5546875,11.5078125,217.051635742,198.296157837,303.053955078,294.846160889,0.00701502414222,-0.0809012194359,-0.142787664926
1.069988,7.640625,6.734375,11.578125,11.6015625,216.604202271,197.175872803,304.078826904,296.650787354,0.0633987090326,0.0519543899051,-0.249881316645
1.079997,7.4453125,6.76171875,11.609375,11.640625,214.597915649,195.352813721,304.170379639,297.871459961,0.0120103522517,-0.0544896480627,-0.190391931339
1.08999,7.52734375,6.57421875,11.7265625,11.53125,214.089752197,194.016265869,305.455749512,299.084075928,0.0414249750218,0.091136377634,-0.31072809478
1.100007,7.3515625,6.640625,11.671875,11.6640625,212.630767822,192.606048584,305.632232666,299.938232422,0.0230985907406,0.0216666655796,-0.272535488303
1.109997,7.32421875,6.453125,11.8359375,11.59375,211.303421021,191.001922607,306.934509277,300.768280029,0.00937506056462,0.00685433354742,-0.35587063081
1.119992,7.15625,6.55859375,11.6484375,11.8203125,209.499832153,189.553161621,307.221832275,302.198669434,0.00647809042372,-0.0503297324097,-0.322463723891
1.130003,7.1875,6.44140625,11.84375,11.7578125,207.73197937,188.301345825,308.200134277,303.024993896,-0.000418169562106,-0.0996959399997,-0.477431014805
1.139992,7.13671875,6.3984375,11.859375,11.90625,206.462860107,186.834106445,308.977966309,304.666015625,0.0266507841394,0.0735639209216,-0.396957317506
1.15,7.14453125,6.29296875,12.1015625,11.7265625,204.843765259,185.333602905,310.336120605,304.78237915,-0.0192482039563,-0.0359429366935,-0.537577130204
1.160034,7.1796875,6.30859375,12.125,11.84375,204.300598145,184.015716553,311.745422363,306.064575195,0.0640459817287,0.0893156538384,-0.502759370534
1.169998,7.140625,6.3046875,12.234375,11.7734375,202.6925354,182.730102539,313.066253662,306.084869385,-0.0201766042099,-0.0672738370452,-0.618735533792
1.180002,7.10546875,6.25,12.125,11.875,201.712142944,181.284484863,314.450531006,307.536071777,0.016067223615,0.0179231374913,-0.53709615397
1.189993,7.12109375,6.265625,12.1875,11.921875,200.388946533,180.581497192,315.064605713,307.458099365,-0.071082274097,-0.103238678912,-0.660513239472
1.199995,7.08984375,6.16015625,12.1953125,11.9375,200.368835449,179.692443848,316.242767334,309.142028809,0.0135537789106,0.0276931011963,-0.644886030902
1.210047,7.08984375,6.13671875,12.2578125,11.9453125,198.840393066,178.382202148,316.8359375,308.782501221,-0.0669965792173,-0.0897984237173,-0.739577644724
1.219985,7.00390625,6.17578125,12.3125,11.921875,198.708999634,177.662155151,318.146942139,310.380004883,0.0490090801735,-0.0123394321359,-0.699894496437
1.229999,7.0546875,6.12109375,12.3515625,11.9765625,197.5206604,176.534820557,318.7472229,309.807189941,-0.0472184814512,-0.0359137754128,-0.821332889317
1.239995,7.0,6.13671875,12.421875,11.9453125,197.517150879,176.016326904,320.201538086,311.379882812,0.0922545285795,0.0518211477479,-0.791252307628
1.250004,7.0234375,6.1328125,12.3828125,12.0546875,196.363998413,175.254318237,320.750671387,311.095916748,-0.0379501354504,-0.0412273130769,-0.863915871461
1.260017,7.0390625,6.0546875,12.421875,12.0703125,196.602249146,174.687698364,321.938049316,312.834381104,0.0784574429675,-0.0589181736153,-0.832310365895
1.26999,7.12109375,5.9765625,12.359375,12.15625,195.949447632,173.51399231,322.254486084,312.634155273,-0.0708124529052,-0.00797238694892,-0.923389486672
1.280014,7.015625,6.0078125,12.4765625,12.1640625,195.989837646,172.744216919,323.433227539,314.549591064,0.038337367558,-0.0194869537526,-0.933005284309
1.290004,7.0234375,5.95703125,12.4375,12.25,195.253036499,171.905029297,323.804046631,314.442108154,-0.0813222599938,-0.0160945053543,-0.96259100649
1.299986,6.96875,5.984375,12.515625,12.2109375,195.467437744,171.618255615,324.57434082,315.9972229,0.0863796617401,-0.0515037542142,-1.00004742675
1.309994,6.88671875,6.01953125,12.5078125,12.3359375,194.449172974,170.97958374,325.06427002,315.993682861,-0.0384838407546,0.079691080155,-1.06292207132
1.320009,6.7734375,5.9765625,12.6015625,12.25,193.810836792,170.623016357,325.885467529,317.527954102,0.0714616939513,-0.0644560100086,-1.08025547833
1.329993,6.7109375,5.95703125,12.5,12.3828125,192.576980591,169.954162598,326.37411499,317.649688721,-0.0605662824292,0.104663193643,-1.08533507933
1.339991,6.640625,5.8515625,12.53125,12.34375,191.66835022,169.381576538,326.662017822,318.974273682,0.0662173222445,-0.0555907069745,-1.17223505519
1.349994,6.51171875,5.8359375,12.4296875,12.390625,190.166381836,168.487457275,327.000244141,319.21572876,-0.0783771540854,0.113834330522,-1.1691967613
1.359993,6.45703125,5.68359375,12.484375,12.375,188.682373047,167.334060669,326.997680664,320.371185303,0.0598203243487,-0.0550119014131,-1.22855353339
1.369989,6.265625,5.734375,12.375,12.4296875,186.858383179,166.367263794,326.969970703,320.467376709,-0.108194565043,0.138742426045,-1.21873209559
1.380009,6.33203125,5.57421875,12.4296875,12.359375,185.321502686,164.864257812,327.040740967,321.117340088,0.0614850301971,-0.0476261919699,-1.33841700304
1.389987,6.02734375,5.76953125,12.34375,12.3984375,183.484313965,164.318374634,327.028411865,321.44543457,-0.124824257788,0.152244748326,-1.30049470111
1.400023,6.21875,5.58984375,12.4296875,12.3671875,182.194015503,163.510253906,326.883270264,321.813781738,0.0570435589577,-0.0656031504409,-1.37475782306
1.410004,5.890625,5.9296875,12.375,12.40625,180.002990723,163.599304199,326.859710693,322.018005371,-0.124540931851,0.178630038149,-1.37962358438
1.419992,6.26953125,5.6015625,12.453125,12.34375,179.173141479,162.978881836,326.972106934,322.152893066,0.0230301381647,-0.0669344189556,-1.45224726875
1.42999,5.95703125,6.2265625,12.359375,12.34375,177.73147583,164.212539673,326.90512085,322.385253906,-0.10337183954,0.161361330461,-1.45381141986
1.439995,6.7109375,6.07421875,12.34375,12.203125,178.526153564,165.017959595,326.639038086,321.78338623,-0.00761617528108,-0.0403598501454,-1.45925189281
1.450016,6.5546875,6.91796875,12.140625,12.078125,179.14251709,168.560546875,325.691986084,321.253295898,-0.0645414585301,0.0994029586654,-1.4889135537
1.460015,7.51953125,6.80859375,12.078125,11.8203125,182.661636353,171.683868408,324.934448242,319.411376953,-0.0261057608225,0.0118102808251,-1.47694551952
1.469998,7.390625,7.7421875,11.859375,11.7109375,185.271697998,176.763092041,323.347259521,318.370422363,-0.029971300408,0.045747034966,-1.44341210243
1.480013,8.3203125,7.640625,11.7421875,11.453125,191.846954346,182.364318848,321.574768066,314.88873291,-0.00202057829612,0.0419323085117,-1.42157837169
1.489997,8.265625,8.4375,11.453125,11.34375,195.682601929,188.016983032,319.256439209,313.603210449,0.00678949519415,-0.0243019587226,-1.39181291236
1.499999,9.0,8.265625,11.375,11.078125,201.453933716,192.879272461,317.65612793,310.510009766,0.0185915524798,0.0766055982764,-1.34419868772
1.51,8.8984375,8.9453125,11.09375,11.0703125,206.701095581,199.839233398,314.473846436,308.405181885,0.0594840567839,-0.0467197143605,-1.29266090085
1.519991,9.53125,8.734375,11.0,10.859375,213.395858765,205.111709595,312.009246826,305.095001221,0.0463455065573,0.086742775736,-1.2466085911
1.529998,9.40625,9.1875,10.7265625,10.8671875,218.567474365,211.088363647,308.847930908,303.140533447,0.0810551467392,-0.0314177610771,-1.20357333103
1.539988,9.8046875,8.953125,10.6875,10.6796875,224.859268188,215.823471069,306.101898193,299.922515869,0.0614903063069,0.0440659242594,-1.13080112359
1.549992,9.640625,9.25,10.375,10.8125,229.361999512,220.471099854,302.364624023,298.404602051,0.0605114481568,-0.0548047995409,-1.10165006901
1.560008,9.9453125,8.96875,10.3515625,10.578125,234.468734741,223.716064453,299.369934082,295.893127441,0.121858816144,0.0599948902099,-1.04542411491
1.569991,9.6875,9.234375,10.0859375,10.6875,238.092468262,227.647735596,295.295593262,294.333984375,0.0865839741458,0.0242214936791,-1.01804145396
1.580004,9.9296875,8.9296875,10.140625,10.515625,242.784179688,229.989730835,291.867645264,291.580108643,0.101216647648,-0.0292558896062,-0.960626663023
1.589996,9.7109375,9.1796875,9.921875,10.5625,244.547348022,232.01663208,289.387054443,290.626403809,0.0310087955897,0.00048221664448,-0.954309866656
1.599996,9.7734375,8.9296875,9.9609375,10.3828125,247.377609253,233.470947266,286.406524658,288.597442627,0.053744202452,0.0135340924984,-0.88876441566
1.60999,9.6015625,9.109375,9.75,10.421875,248.776473999,235.173706055,283.365142822,286.927001953,0.0258750824261,0.0674687619353,-0.906709711648
1.619994,9.6875,8.9609375,9.8046875,10.15625,250.508255005,236.329910278,280.790344238,284.820251465,0.061266793753,0.00672123697826,-0.840701360626
1.62999,9.46875,9.1796875,9.6328125,10.1484375,251.133117676,237.953826904,278.071350098,282.476928711,-0.0821261679304,-0.00147031963396,-0.829821253317
1.640044,9.5859375,9.0625,9.6484375,9.8515625,252.349472046,239.010650635,275.636077881,280.045288086,0.00300727563325,0.0229038682178,-0.802938856106
1.650001,9.4453125,9.2578125,9.46875,9.75,252.44090271,240.472106934,273.139678955,277.171966553,-0.0605479791032,0.0676455756755,-0.761026976505
1.660023,9.53125,9.296875,9.5234375,9.453125,253.475982666,242.053115845,270.818267822,273.774017334,-0.0624841658468,-0.0957718536472,-0.774113592573
1.669988,9.5859375,9.390625,9.359375,9.3671875,253.717483521,243.592529297,268.579772949,270.386047363,-0.0858813081193,-0.0667182265674,-0.72155370791
1.680009,9.5625,9.5390625,9.328125,9.171875,254.885696411,245.80859375,266.089904785,266.855316162,-0.052873987907,0.0427040531426,-0.684038866085
1.689991,9.84375,9.46875,9.2578125,8.9375,255.751861572,247.101745605,264.102752686,263.005554199,-0.0384913880376,-0.122190675304,-0.663547852896
1.699996,9.78125,9.734375,9.2421875,8.765625,257.01953125,249.012374878,262.620452881,260.047271729,-0.113462207539,-0.0736543077888,-0.601191501685
1.709991,9.953125,9.7734375,9.0078125,8.765625,258.351043701,250.851501465,260.052429199,256.700378418,-0.0741333098498,0.00998714536389,-0.582120821938
1.719991,10.0078125,9.8828125,8.9609375,8.5859375,259.928771973,253.150131226,257.837280273,253.13848877,-0.0824412437028,0.0705071024126,-0.528564509563
1.729997,10.125,9.9921875,8.9609375,8.4296875,261.636566162,255.190185547,255.980941772,249.827789307,-0.121880316583,-0.132053273755,-0.485702930181
1.739989,10.21875,10.125,8.828125,8.484375,263.21572876,257.516448975,253.750167847,246.767318726,-0.0215099444422,-0.083927470284,-0.476905407107
1.74999,10.3046875,10.25,8.7890625,8.40625,265.168029785,260.090759277,251.878158569,244.365585327,-0.0221471526384,-0.00856621573825,-0.403139101365
1.760042,10.5390625,10.203125,8.6875,8.3984375,267.284576416,261.945648193,249.714904785,241.928833008,0.0345875005672,-0.0347646025717,-0.385425208801
1.77,10.65625,10.25,8.6171875,8.4375,269.770904541,263.964172363,248.078887939,240.052078247,-0.00189762484441,-0.0291928499929,-0.307173557414
1.780011,10.734375,10.359375,8.546875,8.5,272.453063965,266.062774658,245.615249634,238.25440979,-0.0438344014525,-0.025285820733,-0.29652497
1.789996,10.8203125,10.4296875,8.4765625,8.5234375,274.178863525,267.599639893,244.329910278,237.451690674,0.0309598896615,0.0082344482992,-0.271911230161
1.799999,10.8203125,10.53125,8.515625,8.484375,276.197418213,269.585113525,242.803710938,236.341094971,-0.0264089711711,-0.0620951663007,-0.199243403512
1.810021,10.984375,10.4921875,8.4296875,8.4765625,278.457550049,271.174224854,240.97102356,235.478286743,0.0620913169534,-0.0589582394388,-0.196878378516
1.819989,11.03125,10.5390625,8.3125,8.546875,280.453918457,272.848114014,239.319061279,234.755661011,0.0507749464026,-0.00486323391387,-0.127400408709
1.829994,11.1015625,10.578125,8.421875,8.3984375,282.654174805,274.117492676,238.029190063,233.805938721,0.0338552306725,-0.00262566977478,-0.134163449831
1.84002,11.1953125,10.609375,8.3359375,8.4140625,284.721679688,275.751525879,236.624725342,232.960342407,0.0351355317326,-0.0532845053627,-0.0612710856878
1.849999,11.1484375,10.7734375,8.2421875,8.4375,286.3125,277.139801025,235.444412231,232.223312378,0.021036633417,0.0098672543562,-0.0400354480044
1.86007,11.2109375,10.7890625,8.171875,8.2734375,287.849853516,278.753173828,233.886413574,231.140213013,-0.0217375174461,-0.0366642612808,-0.0104424158494
1.869986,11.2265625,10.859375,8.1015625,8.28125,289.588653564,280.526794434,232.247009277,230.077316284,0.0121768044925,0.0174956037076,0.0532461283603
1.880018,11.265625,10.921875,8.140625,8.15625,290.870300293,282.024932861,230.774520874,228.648605347,0.0100335522736,-0.0397068878695,0.0480741139001
1.889996,11.3359375,10.921875,7.99609375,8.046875,292.064544678,283.06048584,229.590835571,227.687973022,-0.0101097879852,-0.0348171947886,0.141337386939
1.899986,11.34375,11.0078125,7.8359375,8.1171875,293.24810791,284.317077637,227.67326355,226.330841064,0.0278960217805,0.0201152301236,0.117315526466
1.909995,11.3671875,11.015625,8.0546875,7.7578125,294.482513428,285.748382568,226.8359375,224.511032104,-0.0477163400727,-0.0468493051701,0.210967851463
1.920001,11.375,11.078125,7.80859375,7.8828125,295.519897461,286.829162598,225.210632324,222.941741943,0.0503335235218,0.0240707780475,0.206447122105
1.92999,11.3828125,11.0859375,7.81640625,7.73046875,296.487457275,288.283477783,224.039672852,221.17918396,-0.0527205614265,-0.0581679527175,0.284337016376
1.94007,11.40625,11.1015625,7.80859375,7.56640625,297.350372314,289.016418457,222.496963501,219.087692261,-0.0346874001557,0.0320885840915,0.290939910676
1.949991,11.4140625,11.078125,7.640625,7.58984375,297.989746094,290.013183594,220.981811523,217.470489502,-0.000859977159336,-0.0725957081676,0.347345485453
1.959997,11.3828125,11.1484375,7.6171875,7.42578125,300.165405273,290.835266113,219.62171936,215.374832153,-0.0331951811716,-0.055244323954,0.374216421975
1.969991,11.3828125,11.1328125,7.5234375,7.375,299.314453125,291.517425537,217.976074219,213.445877075,-0.0320085980325,-0.0181210265535,0.417946404787
1.98001,11.4609375,11.0859375,7.48828125,7.328125,299.166564941,292.123809814,217.040267944,211.25112915,0.00498014255094,-0.0107283732896,0.469779700399
1.989986,11.4296875,11.1796875,7.4765625,7.296875,299.467254639,292.551544189,215.337051392,209.780059814,-0.0323849547149,-0.0263217697699,0.48060842096
1.999991,11.5078125,11.0546875,7.5,7.140625,300.879180908,292.962188721,213.577789307,208.06880188,-0.0114471570585,-0.048364431039,0.546169392222
2.010001,11.5390625,11.171875,7.3046875,7.328125,301.382354736,293.19128418,211.798431396,206.702346802,0.023462540904,0.0195196700378,0.538689571057
2.019989,11.515625,11.15625,7.49609375,7.13671875,302.266021729,293.988311768,211.264923096,205.348602295,0.0277318490716,-0.108334602849,0.620596807436
2.029994,11.6015625,11.1796875,7.3046875,7.27734375,302.481414795,294.007537842,209.945587158,204.239517212,-0.0176441077821,-0.0271408982953,0.609027117785
2.039999,11.6484375,11.1796875,7.3046875,7.28125,303.532867432,294.776641846,209.054656982,203.789428711,0.0183248054496,-0.054168582587,0.706334999311
2.049994,11.6953125,11.1953125,7.32421875,7.24609375,304.152313232,294.748962402,207.895767212,202.63621521,0.0608718404203,-0.0104121534805,0.664295910343
2.060024,11.7421875,11.1796875,7.40234375,7.1328125,305.373718262,295.407318115,207.333236694,201.843780518,-0.0414901544989,-0.0632009997261,0.773464608234
2.070001,11.8125,11.1796875,7.26171875,7.22265625,306.088104248,295.359649658,206.156692505,201.051620483,0.100434477155,-0.0119032825364,0.739473735702
2.080013,11.7890625,11.2421875,7.32421875,7.08984375,307.276550293,296.240722656,205.640594482,200.110733032,0.0237546168439,-0.0239898353729,0.815923406047
2.089999,11.8828125,11.2109375,7.25390625,7.0625,307.782409668,296.050231934,204.742401123,199.142868042,0.011131994303,-0.0834491562497,0.831337515048
2.099998,11.890625,11.28125,7.07421875,7.19921875,308.623016357,296.717224121,203.6668396,198.930252075,0.0274208992783,-0.0415214090412,0.881235860624
2.11004,11.890625,11.3125,7.125,7.0625,309.502868652,297.034454346,202.675415039,198.163391113,0.0250964278626,-0.0794024879245,0.888289522234
2.119987,11.9296875,11.328125,7.12890625,7.0546875,310.046203613,297.479858398,201.779815674,197.364364624,-0.00660347711005,-0.0360220450801,0.951578392239
2.129999,12.0078125,11.3359375,7.15234375,7.0078125,311.216400146,297.951782227,201.103820801,196.8019104,0.0605787744912,-0.0293560399592,0.986094867523
2.139987,12.046875,11.4140625,7.15234375,6.94921875,311.724121094,298.485046387,200.667907715,195.654129028,0.00590766754811,-0.0410608281994,0.992280320225
2.149996,12.0625,11.421875,7.33203125,6.8125,312.776306152,299.14743042,200.705535889,194.789001465,0.0274109324161,0.000414138700053,1.04878191725
2.160013,12.09375,11.4765625,7.1015625,7.0703125,313.251708984,299.619537354,199.841766357,194.30796814,0.0313995728138,-0.0337010502737,1.07389801387
2.169987,12.0625,11.515625,7.2109375,6.87890625,314.261199951,300.722564697,199.819442749,193.721435547,0.0203295816818,-0.0255780343286,1.09662173746
2.180008,12.0546875,11.609375,7.109375,6.9765625,314.445861816,301.437805176,198.987380981,193.085647583,0.00385752360367,-0.0359612626532,1.1194424567
2.189991,12.1328125,11.546875,7.09375,6.81640625,315.182373047,302.151580811,198.808288574,192.777511597,-0.0464941394967,-0.0649885184543,1.21211979755
2.199994,12.09375,11.609375,6.92578125,6.9453125,315.393920898,302.494659424,197.357711792,192.017547607,0.0567861141083,0.0386317382161,1.1669888674
2.209997,12.125,11.578125,7.18359375,6.51171875,316.006134033,303.418762207,197.431213379,190.663864136,-0.0712103037613,-0.0864396283604,1.26200770747
2.219991,12.109375,11.6171875,6.63671875,6.8359375,316.347442627,303.429351807,195.90473938,189.888412476,0.0463989607675,0.0313053054571,1.27469745929
2.229996,12.125,11.609375,6.875,6.59375,316.93270874,304.574066162,195.300857544,189.033737183,-0.0333346144959,-0.047040188438,1.32091453574
2.240004,12.125,11.6953125,6.828125,6.6484375,317.131988525,304.61605835,194.24861145,187.855636597,0.0609817059308,0.0740231485105,1.31930828404
2.25001,12.140625,11.6328125,6.90625,6.48828125,317.366149902,305.522277832,193.807495117,186.83543396,-0.0620843850513,-0.122048143293,1.41459947598
2.260018,12.15625,11.703125,6.70703125,6.59765625,317.819396973,305.588195801,192.544616699,185.82925415,0.123960837424,0.104434243285,1.39331186571
2.269987,12.0546875,11.6328125,6.91796875,6.59765625,317.55960083,306.320892334,192.404769897,185.383224487,-0.0833060212775,-0.0783189155961,1.4510292161
2.279995,11.8984375,11.4140625,7.07421875,6.81640625,317.049316406,305.172698975,192.517471313,185.502563477,0.0962068096817,0.0986163211721,1.45568770941
2.289997,11.78125,11.2421875,7.16796875,7.171875,316.150909424,304.761749268,193.149215698,186.86831665,-0.074451918669,-0.0716245152547,1.51705464927
2.300001,11.515625,10.96875,7.4609375,7.375,315.011108398,302.883392334,194.44682312,188.526199341,0.103236356318,0.0892849214624,1.44119687601
2.30999,11.28125,10.765625,7.828125,7.69140625,312.322174072,300.862243652,196.93069458,191.073425293,-0.0688653512156,-0.0399602280562,1.4691209082
2.319999,11.0546875,10.453125,8.1640625,8.0234375,310.085296631,297.410949707,200.470214844,194.731567383,0.052352115409,0.0851868494024,1.46728292914
2.330005,10.7578125,10.2578125,8.421875,8.359375,306.572021484,294.515686035,204.237411499,198.656509399,-0.0281968965119,-0.0408614589273,1.38530744174
2.339992,10.515625,9.9921875,8.875,8.5234375,303.269714355,290.137695312,209.504119873,203.220123291,0.0351048084126,0.107769878052,1.36198012754
2.349992,10.359375,9.8046875,9.0,8.9765625,299.007507324,286.397064209,214.035064697,208.11605835,-0.033055026979,-0.0394466624085,1.33185519789
2.359998,10.1796875,9.609375,9.359375,9.078125,295.84979248,282.264007568,219.437011719,213.19052124,0.0513050270954,0.168192542889,1.2514270753
2.37,10.015625,9.5390625,9.484375,9.3515625,291.494567871,278.490753174,224.319351196,218.116622925,-0.0116302427791,-0.0552938392854,1.17448678958
2.38001,9.8828125,9.4296875,9.7421875,9.4296875,287.554382324,274.211120605,230.560684204,224.066329956,0.0156939949699,0.0834480381442,1.18611061418
2.389993,9.8203125,9.4765625,9.6640625,9.6953125,284.695404053,272.042388916,233.725189209,227.59967041,0.0207953133793,0.0712278848053,1.05261124218
2.399999,9.84375,9.34375,9.96875,9.5546875,282.063140869,269.037414551,238.457794189,231.743438721,-0.015175218776,-0.00952593696075,1.0883431913
2.410016,9.765625,9.3828125,9.7109375,9.8828125,279.120513916,266.694458008,241.646774292,236.204055786,-0.0113036810012,0.0913479600165,0.995436732001
2.420025,9.75,9.40625,9.8671875,9.765625,276.874237061,264.922027588,245.132904053,239.808227539,0.00189732746002,-0.00652653893243,0.954004681135
2.429994,9.7578125,9.4296875,9.8984375,9.875,274.703125,263.163360596,247.836227417,242.928543091,-0.00606016738156,0.0768875018169,0.970731352796
2.439997,9.6953125,9.5234375,9.84375,9.8984375,272.893768311,262.306243896,250.440719604,246.098098755,-0.0401535467471,0.21102950494,0.896314444805
2.449995,9.7265625,9.4453125,9.8984375,9.9140625,271.307189941,261.114379883,252.587875366,248.665863037,-0.0101925382008,0.0427099930212,0.899449612576
2.46001,9.640625,9.5078125,9.9375,9.984375,269.46862793,260.39364624,254.674133301,251.191604614,-0.0177573057711,0.00610380406855,0.831863583677
2.46999,9.546875,9.484375,9.9375,10.046875,267.961761475,259.884063721,256.497833252,253.600204468,0.0492305221366,0.0789692919318,0.826410303715
2.480015,9.53125,9.328125,10.0625,10.0546875,265.838470459,258.394439697,258.462402344,255.667922974,0.0313700623996,0.0309488336296,0.840841970698
2.490006,9.5546875,9.171875,10.109375,10.1171875,265.081237793,257.354644775,260.231323242,257.663879395,-0.0265161073577,0.0340564098192,0.784799076445
2.499986,9.4296875,9.1171875,10.140625,10.28125,263.260925293,255.623809814,261.59854126,259.446685791,-0.0439573153915,0.0722757825807,0.781053888957
2.509994,9.3203125,8.96875,10.2734375,10.296875,261.906402588,254.00730896,263.494598389,261.489013672,0.00704148474159,0.0273380633854,0.712503959957
2.520004,9.140625,8.8984375,10.4296875,10.3203125,259.765075684,252.134658813,265.613952637,263.280609131,-0.0392341495736,-0.0215287934873,0.701477716158
2.529993,9.0234375,8.7109375,10.5390625,10.3984375,257.643493652,249.717422485,267.803649902,265.099121094,0.0117493566817,0.0452066119168,0.667179597557
2.539995,9.0078125,8.453125,10.5546875,10.484375,255.768661499,247.136413574,269.950836182,267.134155273,0.0385013624581,0.0102172420717,0.608124760073
2.549991,8.8359375,8.34375,10.703125,10.515625,253.365066528,244.058685303,271.985717773,268.618103027,-0.0466747455611,-0.0363180052719,0.635664117386
2.559992,8.6796875,8.234375,10.734375,10.609375,251.089599609,241.304351807,274.303527832,270.559570312,-0.0541186929533,0.0751586020979,0.521776455307
2.56999,8.5078125,8.1640625,10.921875,10.6328125,248.406478882,238.597961426,276.52230835,272.12487793,-0.0503791134635,0.00708994980988,0.536512759447
2.580011,8.4453125,8.0234375,11.03125,10.6875,245.371810913,235.24961853,279.331878662,273.96472168,-0.0203220301022,-0.0929250361521,0.451971825605
2.589988,8.3046875,7.9453125,11.0546875,10.75,243.351165771,233.180374146,281.02947998,275.303985596,-0.00759388708439,-0.0104015489488,0.393164601899
2.599991,8.2734375,7.734375,11.125,10.796875,240.676040649,230.060577393,282.936889648,276.609802246,-0.00802780955449,0.016346809882,0.443256892189
2.610004,8.1875,7.70703125,11.1796875,10.8515625,238.675567627,227.517150879,284.988952637,278.115600586,-0.0591105331127,0.0548371106664,0.30774418492
2.619992,8.0078125,7.796875,11.2109375,10.984375,235.575775146,225.214324951,286.763793945,279.678649902,-0.0794346742213,0.0970224035727,0.348835330083
2.629987,7.8203125,7.859375,11.21875,11.0390625,232.98677063,223.963638306,288.556182861,281.47467041,-0.0504356476719,0.0592085769872,0.232453989959
2.640004,7.82421875,7.78125,11.2734375,11.0625,230.149108887,222.178695679,289.909698486,282.775726318,-0.00632027176485,-0.053762960706,0.204537970862
2.649988,7.80859375,7.70703125,11.359375,11.1328125,227.835525513,220.840499878,291.735931396,284.488952637,-0.0433603577099,0.0998844391397,0.192736192795
2.659992,7.7890625,7.76171875,11.34375,11.1796875,225.609848022,219.384094238,292.835540771,285.923065186,-0.00683612385091,-0.0144433080921,0.154419894264
2.669989,7.74609375,7.72265625,11.3359375,11.21875,223.672775269,218.360458374,294.144836426,287.194274902,-0.0250465120234,-0.0630050342699,0.0664380432129
2.680013,7.6953125,7.72265625,11.3828125,11.2890625,221.235855103,217.045166016,295.443725586,289.0496521,-0.00724212207336,0.135430177108,0.0855157820589
2.689995,7.75390625,7.6328125,11.5078125,11.2421875,220.119766235,216.318588257,296.399230957,289.553253174,-0.07122794304,0.0164865847142,0.0326938759965
2.699998,7.69140625,7.65234375,11.5234375,11.3203125,219.032791138,215.500488281,297.792022705,291.290344238,0.0325803038498,0.0981507234142,-0.011334810339
2.709992,7.54296875,7.6640625,11.4765625,11.4140625,216.604782104,214.524932861,298.8046875,292.15423584,-0.0854737832217,-0.000548142477386,-0.00483892795173
2.720065,7.63671875,7.47265625,11.515625,11.3671875,216.010116577,213.536682129,299.760498047,293.690765381,-0.0170529633755,-0.0900729179478,-0.0722800802986
2.730005,7.59375,7.421875,11.4609375,11.5546875,214.292953491,211.924362183,300.120910645,294.393951416,0.0313486640736,0.0723757947866,-0.114549289351
2.739986,7.47265625,7.3828125,11.59375,11.40625,213.282531738,210.85987854,301.546966553,295.984741211,0.0186465694194,-0.0901025943308,-0.125010785059
2.749999,7.5234375,7.19921875,11.6484375,11.5234375,211.652984619,208.890075684,301.941375732,296.214904785,0.0738037843678,0.100749317024,-0.181471012184
2.759998,7.4453125,7.11328125,11.703125,11.4921875,210.970092773,207.383834839,303.457580566,297.736206055,-0.0066693470625,0.0184035387107,-0.23674239036
2.769987,7.58984375,6.859375,11.6875,11.6015625,209.912368774,204.668777466,304.02355957,298.324371338,0.0578506204088,-0.038541259024,-0.209038019313
2.780009,7.33203125,6.92578125,11.671875,11.640625,208.884399414,202.750991821,305.126708984,300.061920166,-0.0493490413177,0.0377178296594,-0.301435134974
2.789995,7.4453125,6.62109375,11.671875,11.671875,207.959320068,200.417068481,305.279937744,300.332489014,0.0912907735799,-0.100418835325,-0.315517999635
2.799995,7.1015625,6.8984375,11.71875,11.6953125,206.113021851,199.065231323,306.224761963,301.381378174,-0.0197899982436,-0.0118930055747,-0.372665931512
2.810001,7.24609375,6.5859375,11.6875,11.7734375,205.046768188,196.823638916,306.428405762,302.322143555,0.0932689584102,-0.0341865031391,-0.39874259721
2.819994,7.15625,6.65625,11.8046875,11.6796875,203.703994751,194.910308838,307.439178467,302.740997314,-0.024392216495,0.0827655978044,-0.46934979371
2.82999,7.24609375,6.53515625,11.8203125,11.765625,202.958953857,193.004196167,308.0859375,304.012481689,0.108454379899,-0.018922659945,-0.465111335353
2.84002,7.046875,6.64453125,11.875,11.734375,201.414901733,191.650131226,308.960876465,303.920349121,-0.073911559254,0.0872106319719,-0.525267413561
2.850004,7.12890625,6.55859375,11.8671875,11.8046875,200.913665771,190.520996094,309.615875244,305.319152832,0.107530754889,-0.0444043421161,-0.544603603654
2.860015,6.8515625,6.6953125,11.8828125,11.828125,198.583343506,189.53074646,310.243865967,305.349243164,-0.118572069818,-0.012371729425,-0.577684291736
2.869995,6.89453125,6.5390625,11.828125,11.84375,197.803115845,188.621002197,310.602325439,306.721923828,0.0890824686651,0.0200199771091,-0.610172011211
2.880031,6.78515625,6.60546875,11.828125,11.8203125,195.65447998,187.436706543,310.967498779,306.663421631,-0.133290169803,-0.00488556772738,-0.658367948016
2.890026,6.76953125,6.4765625,11.8671875,11.8125,194.695922852,186.59463501,311.46472168,307.773468018,0.105599879897,-0.049907109893,-0.705490410382
2.899993,6.625,6.4765625,11.859375,11.8046875,192.618652344,185.535140991,311.734008789,307.062835693,-0.122172177826,0.0724585557686,-0.722338493898
2.90999,6.57421875,6.46484375,11.9765625,11.7421875,191.576446533,184.976806641,312.518768311,308.165252686,0.128158112228,0.0142207614252,-0.796725441745
2.919985,6.45703125,6.5,11.9453125,11.7890625,189.203231812,183.988723755,312.983428955,307.286315918,-0.134683713582,0.0303644226057,-0.795506799945
2.929996,6.515625,6.40625,12.015625,11.7734375,188.286331177,183.4425354,313.624725342,308.419006348,0.1120220332,-0.0383357459953,-0.840299596364
2.940054,6.44921875,6.5,11.90625,11.875,186.393295288,182.652420044,313.783599854,307.821350098,-0.134603838922,0.04153378973,-0.852570338152
2.949988,6.578125,6.3515625,11.9921875,11.8359375,185.965240479,182.033706665,314.202575684,309.035217285,0.099355517012,-0.0375143548438,-0.932300203868
2.96002,6.5078125,6.2890625,11.9375,11.875,184.711349487,180.892288208,314.37979126,308.507659912,-0.102386619445,0.0446592759894,-0.909730499309
2.969994,6.55078125,6.29296875,12.0390625,11.7890625,184.327362061,180.307510376,314.736358643,309.401794434,0.0766434170608,-0.0986858300629,-0.991982345114
2.979998,6.49609375,6.203125,11.9140625,11.8828125,183.208557129,178.815841675,314.804382324,308.875335693,-0.0820678708663,0.0855830197979,-0.969098918792
2.989999,6.5234375,6.15625,12.078125,11.78125,182.990661621,178.19708252,315.089355469,309.630340576,0.082176839563,-0.129677559343,-1.08061438033
3.000003,6.421875,6.07421875,11.953125,11.9453125,182.075958252,176.975189209,315.479003906,309.328430176,-0.0807030286869,0.0889516035406,-1.02794713246
3.009987,6.41796875,6.0234375,12.0546875,11.796875,181.281494141,175.774414062,315.515533447,309.907745361,0.0912641608359,-0.133768739758,-1.14276826586
3.01999,6.37109375,5.87890625,11.9609375,11.9375,180.679031372,174.172653198,315.975982666,309.699493408,-0.0744283347072,0.098008549682,-1.10252937643
3.029992,6.3359375,5.85546875,12.0859375,11.8203125,179.726852417,172.78175354,315.940643311,310.079437256,0.0904271919916,-0.153579770523,-1.22724433811
3.039993,6.23828125,5.81640625,12.015625,11.921875,178.827926636,171.303649902,316.545959473,309.937469482,-0.0785994004656,0.0964828323843,-1.1510751301
3.050003,6.2734375,5.796875,12.1015625,11.859375,178.027740479,169.967773438,316.373413086,310.31942749,0.0747672173486,-0.122061367109,-1.29146450878
3.060008,6.21484375,5.77734375,12.015625,11.921875,177.289382935,168.724014282,316.989959717,310.245880127,-0.0458533394755,0.0816110021413,-1.24332500429
3.069986,6.25390625,5.796875,12.1171875,11.890625,176.536010742,167.924102783,316.91116333,310.774719238,0.0693897149444,-0.111181191426,-1.35695746934
3.080011,6.1796875,5.85546875,12.078125,11.9921875,175.873245239,167.125,317.445465088,310.975799561,-0.0562534585923,0.0982187207455,-1.28867918604
3.090007,6.328125,5.84375,12.1328125,11.9375,175.621871948,166.68208313,317.339630127,311.45614624,0.0640494947555,-0.102274119625,-1.42042244512
3.099986,6.203125,5.92578125,12.09375,12.015625,175.433654785,166.469833374,318.159851074,311.677093506,-0.037573211043,0.104242261861,-1.3719708928
3.109991,6.30859375,5.93359375,12.1640625,12.0546875,175.151046753,166.413787842,318.050109863,312.408691406,0.0688707805174,-0.092385364351,-1.47888254264
3.120001,6.265625,6.0078125,12.15625,12.1015625,175.229141235,166.501678467,318.914855957,312.746368408,-0.0571222879489,0.087739320142,-1.3998691244
3.129983,6.37109375,6.015625,12.2109375,12.1640625,175.143188477,166.744979858,318.749969482,313.635559082,0.079706266459,-0.0750852983542,-1.55472963976
3.139997,6.43359375,6.1953125,12.1796875,12.1328125,175.744277954,167.539505005,319.628326416,313.897186279,-0.054081824877,0.0754761967323,-1.47026493504
3.149986,6.75390625,6.421875,12.09375,12.0703125,176.90171814,169.030593872,319.064544678,314.454864502,0.0836110340076,-0.074250589038,-1.5841146875
3.159995,7.0,6.75,11.9296875,11.9453125,179.184310913,171.382598877,319.035675049,313.94644165,-0.0895504426392,0.07068960754,-1.4640476452
3.16999,7.4453125,7.0546875,11.7578125,11.7890625,182.162658691,174.519439697,317.492828369,313.526123047,0.1019486078,-0.0571222646548,-1.60523032792
3.180013,7.69140625,7.48046875,11.5390625,11.59375,186.719848633,179.636306763,316.021942139,311.757629395,-0.111293690307,0.029794505694,-1.45182848942
3.189987,8.078125,7.76171875,11.4140625,11.1484375,190.108200073,183.42124939,314.099456787,310.502929688,0.0939816453167,-0.0807468490763,-1.53664158078
3.199991,8.3046875,8.1171875,11.140625,11.1484375,194.892669678,188.649978638,312.044952393,307.641387939,-0.119686160385,0.0528635140611,-1.38874982308
3.209998,8.6796875,8.3125,10.9765625,10.890625,199.760757446,193.705871582,309.056365967,305.295959473,0.0903130101118,-0.0940987971949,-1.49747477924
3.219989,8.7734375,8.609375,10.796875,10.6640625,205.08265686,199.493835449,306.365905762,301.582275391,-0.114444450967,0.0352256049223,-1.29454939371
3.23,9.0859375,8.7109375,10.609375,10.5,210.02532959,204.418426514,302.934234619,298.864868164,0.0563619450634,-0.0881011474769,-1.36581882646
3.240008,9.1484375,8.859375,10.4609375,10.5390625,215.269744873,209.695983887,299.851898193,294.950073242,-0.048870770501,0.0389953161611,-1.24648675977
3.249988,9.3359375,8.90625,10.359375,10.203125,219.949295044,214.200500488,296.606567383,291.991363525,0.0214302433214,-0.111553174991,-1.23418244074
3.259995,9.375,9.078125,10.234375,10.1171875,224.237548828,218.464065552,293.861694336,288.722686768,-0.0220251383693,0.0369654503696,-1.15939857975
3.270034,9.5390625,9.046875,10.265625,9.9453125,228.807342529,222.470703125,290.737518311,285.327819824,-6.3585627593e-05,-0.15780794178,-1.16603227501
3.280009,9.546875,9.1484375,10.140625,9.96875,233.097900391,226.489746094,288.213623047,282.263793945,-0.00347955986534,0.0754300336395,-1.08582303058
3.29,9.6640625,9.15625,10.15625,9.875,235.702468872,228.696792603,286.370239258,280.31427002,-0.0357807937122,-0.167017440949,-1.0610394072
3.300015,9.8125,9.109375,10.1640625,9.765625,239.532745361,231.488342285,284.637695312,277.502685547,0.0019375752749,-0.0238354149994,-1.05715823658
3.309993,9.71875,9.3046875,10.15625,9.7578125,242.423553467,234.157012939,282.867858887,275.122802734,-0.07626869713,-0.00543469743962,-0.953021287365
3.320045,9.8671875,9.25,10.1328125,9.65625,245.449020386,236.48135376,281.322387695,272.628875732,0.0247386308228,-0.171449785037,-1.01252328362
3.329999,9.796875,9.421875,10.078125,9.6171875,247.748046875,238.890457153,279.962524414,270.380279541,-0.0417971573318,0.0182612637597,-0.913835011953
3.339987,9.8984375,9.359375,10.0546875,9.4921875,250.181243896,241.026489258,278.4090271,267.969390869,-0.00762148979383,0.0064984955444,-0.910943188566
3.35,9.9921875,9.4453125,9.9296875,9.4921875,252.433166504,243.001266479,277.176849365,265.832824707,-0.020992079748,-0.0669893098227,-0.89340049117
3.360004,9.9765625,9.5859375,9.890625,9.4140625,254.40071106,245.147186279,275.503173828,263.839111328,-0.0283920782712,-0.0451597837012,-0.820501309641
3.369991,10.015625,9.6875,9.6171875,9.421875,256.536071777,247.517028809,273.473327637,262.049102783,0.0170809601881,0.0804739003994,-0.858267483228
3.380009,10.15625,9.703125,9.6796875,9.1875,258.96194458,249.706420898,271.282928467,259.4269104,-0.00598397899002,-0.123590788169,-0.767160511013
3.389991,10.25,9.7734375,9.484375,9.1875,260.710540771,251.286499023,269.843994141,258.033752441,0.0057866014858,0.0255461413594,-0.768522796869
3.399992,10.234375,9.953125,9.2890625,9.125,262.402099609,253.435546875,267.242462158,255.675643921,-0.0752325578633,0.0743358279922,-0.728359287159
3.409996,10.3671875,9.921875,9.2265625,8.9453125,264.515411377,255.482910156,265.070953369,253.685043335,-0.00648262279557,-0.0168107791422,-0.676956185372
3.419995,10.3046875,10.2109375,9.0078125,8.90625,266.121795654,257.888427734,262.255218506,251.266372681,0.00851972431846,0.0708893486679,-0.683572037346
3.429994,10.4453125,10.203125,8.984375,8.703125,267.937896729,260.138061523,259.799499512,248.926422119,0.00445892557431,-0.0369596501374,-0.585912526535
3.440058,10.5546875,10.265625,8.734375,8.703125,269.930938721,262.308624268,257.115509033,246.703231812,0.0409425461146,0.0265039512859,-0.591979289863
3.450004,10.6484375,10.3046875,8.671875,8.5546875,271.73260498,263.961395264,254.289215088,244.386306763,0.012536877189,0.0063483410148,-0.523709671964
3.460014,10.6953125,10.296875,8.546875,8.4609375,274.046203613,266.026306152,251.247756958,241.793426514,-0.0403006188126,0.014054256653,-0.472051592902
3.469987,10.6796875,10.4921875,8.4609375,8.375,275.32510376,267.692749023,248.685974121,239.434387207,-0.057812859166,0.0841686191786,-0.49236624222
3.480004,10.796875,10.46875,8.5078125,8.1875,277.312347412,269.842987061,246.032211304,236.454315186,-0.0257780778524,-0.0233951607801,-0.364894865784
3.489993,10.765625,10.5546875,8.359375,8.140625,278.648498535,271.401092529,243.724258423,234.119613647,0.0259127934859,0.0433227552473,-0.41685257692
3.499994,10.828125,10.578125,8.2890625,8.046875,279.865875244,272.80178833,241.807128906,231.994216919,0.00661688128225,0.0132991432941,-0.315365145813
3.509997,10.8828125,10.5625,8.2421875,7.93359375,281.089660645,274.204986572,239.473480225,229.549682617,-0.0283713727235,-0.00420084654389,-0.271946867264
3.519991,10.9296875,10.6640625,8.1484375,7.9296875,282.558319092,275.718078613,237.244232178,227.336959839,-0.0339248562684,0.0108635720809,-0.287856065538
3.529996,10.9375,10.6796875,8.234375,7.8203125,283.589691162,277.07244873,235.553451538,225.109054565,-0.0499939598385,0.0122910705123,-0.164670070681
3.54007,10.953125,10.7578125,8.09375,7.78515625,284.778015137,278.532073975,233.657073975,222.865402222,-0.0358703799287,0.0430967616628,-0.200327487165
3.550001,10.9765625,10.796875,8.1796875,7.65625,285.844482422,280.069335938,232.317214966,220.715499878,-0.0740632811387,0.00530748833152,-0.129732150869
3.559998,10.9375,10.9140625,8.09375,7.70703125,286.518096924,281.368530273,230.709594727,218.740234375,-0.00734382551658,0.115562288484,-0.103855812657
3.569996,10.953125,10.96875,8.0546875,7.61328125,287.456604004,283.195556641,229.410400391,217.114624023,-0.0485511753786,0.010768987095,-0.0574014910929
3.580007,10.9921875,10.984375,8.015625,7.58984375,288.131500244,284.628356934,227.550689697,214.963256836,-0.0495998061092,0.0415350083845,-0.0553559891334
3.589992,10.953125,11.1015625,7.8046875,7.72265625,288.736297607,286.027801514,226.277282715,214.416641235,-0.026748498625,0.0981091802161,0.038275659342
3.600003,11.0234375,11.125,7.90234375,7.53125,289.358551025,287.556884766,224.869552612,212.970855713,-0.0678358816618,-0.0177234509164,0.027637288118
3.610016,11.0703125,11.1640625,7.76171875,7.640625,290.018188477,288.875366211,223.251800537,211.916946411,-0.0126101706349,0.0455048363687,0.0738569419555
3.619988,11.15625,11.1640625,7.76953125,7.49609375,290.874237061,290.190673828,221.836761475,210.658966064,-0.00653585200962,0.0757813728036,0.138763158956
3.629995,11.21875,11.25,7.76953125,7.3984375,291.875762939,291.285766602,220.600524902,209.249526978,-0.00295218441898,0.0334854566516,0.115851461505
3.639991,11.2734375,11.2421875,7.70703125,7.40234375,292.851470947,292.593688965,219.311355591,208.106460571,-0.0230033772259,-0.0187549677591,0.210832406461
3.650011,11.2421875,11.328125,7.5390625,7.47265625,293.719024658,293.584960938,217.663970947,207.050720215,-0.0130981457403,0.0715951367592,0.211651310727
3.660009,11.359375,11.328125,7.64453125,7.26953125,294.943756104,294.983093262,216.541168213,205.822250366,-0.0600980516438,0.00487701836433,0.268459483491
3.669987,11.34375,11.375,7.453125,7.36328125,295.652038574,295.605041504,214.835601807,204.708557129,0.0217827777643,0.084074778876,0.275000048918
3.680015,11.375,11.40625,7.4453125,7.2265625,296.924804688,297.182098389,213.333557129,203.538925171,-0.00248538201727,0.00100887060488,0.369074876478
3.690005,11.453125,11.4375,7.4375,7.16015625,297.613464355,297.639892578,211.934997559,202.31829834,0.031825151838,0.0948118996352,0.330069899087
3.699986,11.453125,11.4609375,7.234375,7.30859375,298.456665039,298.815124512,210.456008911,201.777008057,0.0218813191084,-0.0038604490577,0.430693561481
3.709996,11.4765625,11.4375,7.30859375,7.0859375,299.233703613,299.256317139,209.051757812,200.416595459,0.0357830386815,0.0400704788774,0.427534368356
3.720004,11.5078125,11.46875,7.16015625,7.1640625,300.109436035,300.089202881,207.539459229,199.635147095,-0.000588202360364,0.0360977216595,0.494632292767
3.729991,11.5546875,11.4140625,7.03125,7.12109375,300.991241455,300.353790283,205.573196411,198.692367554,0.0119116721426,-0.0410203542493,0.514705568568
3.740001,11.4921875,11.484375,6.91796875,7.1484375,301.638458252,300.999481201,203.631195068,197.98739624,0.0361604905375,0.100326732436,0.574816286381
3.749988,11.6015625,11.4140625,7.08984375,6.875,302.580657959,301.224731445,202.454971313,196.51222229,0.0122735358746,-0.0419344178463,0.583730101826
3.759986,11.6484375,11.421875,6.859375,7.08203125,303.195526123,301.549713135,200.648406982,195.78817749,0.0304892057912,-0.0086323716991,0.629384311644
3.769989,11.6796875,11.421875,7.02734375,6.875,304.126434326,301.901123047,199.569366455,194.745697021,0.0517319330222,0.0297154367659,0.671248710322
3.78001,11.671875,11.4921875,6.96484375,6.8828125,304.826141357,302.434082031,198.138717651,193.349227905,-0.00254527006964,-0.0045141162248,0.693132310797
3.789988,11.75,11.4453125,7.0390625,6.8046875,305.634857178,302.6590271,197.65536499,192.587463379,0.012736175729,-0.043038194459,0.731538932509
3.800021,11.6171875,11.6015625,6.859375,6.93359375,305.772674561,302.977844238,196.369995117,191.700622559,0.0240077302303,0.0243384031555,0.761915051244
3.809998,11.6796875,11.5390625,7.08984375,6.58984375,306.475250244,303.816253662,196.113327026,190.299438477,-0.0408224795615,-0.00862409501237,0.818465870735
3.819986,11.6484375,11.6015625,6.78125,6.83984375,306.581054688,303.979278564,194.576660156,189.402816772,0.0107799003832,0.0297862828749,0.822812550752
3.83,11.6796875,11.578125,6.91796875,6.6015625,307.199493408,304.835083008,194.016738892,188.414718628,-0.0369734286006,-0.0246940255233,0.899172118186
3.84,11.59375,11.6953125,6.7421875,6.69140625,307.158355713,305.036895752,192.766265869,187.204986572,-0.00802430092294,0.119243828623,0.89050093414
3.849991,11.6796875,11.6015625,6.90625,6.4609375,307.664123535,305.90133667,192.272689819,186.063064575,-0.0805806922244,-0.0502397767064,0.965811148726
3.860009,11.6484375,11.703125,6.65625,6.71875,307.629547119,305.974182129,190.850814819,185.253967285,0.0447751659961,0.136140533895,0.957289046953
3.869992,11.59375,11.796875,6.85546875,6.48828125,307.860717773,307.266448975,190.639480591,184.427352905,-0.0483892143774,-0.0750860437655,1.03074188277
3.880015,11.65625,11.7734375,6.71484375,6.6640625,307.907684326,307.553070068,189.441940308,183.675186157,0.0331109311176,0.134326202635,1.01395624379
3.889999,11.6953125,11.78125,6.71875,6.65234375,308.338745117,308.520996094,189.110687256,183.722183228,-0.0441761872004,-0.121594786183,1.10246228941
3.900016,11.703125,11.8515625,6.65234375,6.73046875,308.529815674,308.578369141,188.277816772,183.415634155,0.0735429607124,0.131292238618,1.07846162748
3.909996,11.78125,11.828125,6.77734375,6.60546875,309.050079346,309.679382324,188.081085205,183.171569824,-0.0607912783889,-0.085086168156,1.15488660476
3.920005,11.8671875,11.7734375,6.6640625,6.74609375,309.834350586,309.461151123,187.240921021,183.012268066,0.0759061360307,0.0994165502194,1.15362266662
3.930013,11.8515625,11.8828125,6.58203125,6.80859375,310.141845703,310.61630249,186.561553955,183.400970459,-0.00250459237459,-0.0844330771541,1.21719227951
3.940035,11.9140625,11.8203125,6.65625,6.6484375,311.068847656,310.478820801,186.006057739,182.969543457,0.0774303392116,0.131764060718,1.21099539531
3.949995,11.9375,11.875,6.515625,6.77734375,311.446868896,311.40032959,185.253448486,183.18019104,-0.0445977435326,-0.0407543384805,1.28375872562
3.960001,12.0078125,11.828125,6.41796875,6.73046875,312.604858398,311.185455322,184.183685303,183.170028687,0.0942960400301,0.106627974226,1.28279472238
3.96999,11.9140625,11.984375,6.35546875,6.75,312.861968994,312.32421875,183.214996338,183.079605103,-0.0127829284538,-0.0178459720858,1.34300830696
3.979995,11.9609375,11.8046875,6.59375,6.63671875,313.709594727,311.864074707,182.897033691,182.606323242,0.0811663118509,0.0666807095179,1.33570299606
3.989994,11.8046875,11.8203125,6.4375,7.10546875,313.339172363,312.362731934,182.407470703,183.649612427,-0.0200602922488,-0.0317969601472,1.39494801175
3.999989,11.71875,11.65625,6.76953125,7.1015625,313.464019775,311.330078125,182.933807373,184.881500244,0.0931147505546,0.0619126052927,1.3840345669
4.010001,11.4765625,11.59375,6.97265625,7.46875,312.033233643,311.076293945,184.144104004,186.957733154,-0.0463067207445,0.0262656515157,1.41349808389
4.019993,11.3671875,11.296875,7.453125,7.6171875,311.124755859,309.033935547,186.580612183,189.541503906,0.0492671240624,0.0379012477793,1.3788545685
4.029993,11.015625,11.28125,7.53515625,8.1953125,308.384857178,307.860137939,189.291305542,193.623748779,-0.00929254806485,0.00201102433541,1.39341436937
4.04005,10.8125,11.015625,8.15625,8.1875,306.155761719,305.191467285,193.61151123,197.327667236,0.0668459589802,0.0385561235357,1.3262813714
4.050001,10.5703125,10.8515625,8.3515625,8.640625,302.606384277,303.13381958,198.030441284,201.822738647,-0.0594125692632,0.0100723904586,1.32294177263
4.060011,10.4375,10.546875,8.75,8.75,299.556732178,299.156616211,203.750274658,206.675567627,0.0477500394366,-0.00131979518414,1.26238585177
4.069996,10.1328125,10.4296875,8.8828125,9.109375,295.672729492,296.723968506,208.330490112,211.056365967,-0.024031537205,0.0165475764475,1.23227467562
4.079998,10.0078125,10.203125,9.28125,8.9765625,291.675018311,292.181854248,214.968048096,215.816955566,0.0190820247368,0.00564295708697,1.15359284531
4.089987,9.8359375,10.0703125,9.140625,9.4453125,287.783355713,289.645233154,219.103927612,220.315490723,-0.0268286474252,-0.0100420902001,1.13390084088
4.099995,9.703125,9.953125,9.40625,9.3125,285.009521484,286.406188965,223.339233398,223.725036621,0.0262563514292,0.0505075762453,1.0747149736
4.110001,9.640625,9.828125,9.390625,9.53125,281.348205566,283.306274414,227.28477478,227.613052368,-0.00243209911159,-0.0924723154418,1.01280977732
4.119991,9.6015625,9.7109375,9.5390625,9.484375,278.30480957,279.980133057,231.620559692,231.323654175,0.026501618646,0.0622583957478,0.985330345131
4.129996,9.515625,9.703125,9.4453125,9.6015625,275.24899292,277.210754395,234.710083008,234.284164429,0.0284925971311,-0.0611811988099,0.926913176302
4.139988,9.6015625,9.484375,9.6484375,9.4375,273.184112549,274.164276123,238.23236084,237.004821777,0.00289685794334,-0.0879672649998,0.928342675892
4.15004,9.5234375,9.515625,9.421875,9.703125,270.81060791,271.37487793,240.341827393,239.651535034,0.052653194147,-0.0570230934252,0.841960164276
4.159998,9.6015625,9.3984375,9.671875,9.5078125,269.36630249,268.91229248,243.179153442,241.761474609,0.00633220807721,-0.112832540114,0.864985524709
4.169986,9.578125,9.3203125,9.578125,9.671875,267.674346924,266.194396973,245.064941406,243.764358521,0.0278627331917,0.0278334644158,0.797666268776
4.180007,9.5,9.3046875,9.6640625,9.65625,266.003265381,263.790405273,247.789733887,246.074386597,0.00493057307774,0.0456940622564,0.80174754508
4.189999,9.4921875,9.21875,9.8125,9.6015625,264.906219482,262.053314209,249.264633179,247.052658081,-0.00815799865212,-0.131517293339,0.745201062164
4.200005,9.2890625,9.28125,9.6875,9.875,263.16696167,260.407318115,251.07800293,249.052185059,0.0820693213194,-0.0197408400728,0.705177589375
4.209994,9.21875,9.1640625,9.828125,9.875,261.223236084,258.630401611,252.885299683,250.917129517,0.0325963753352,-0.0279983618803,0.719501469705
4.219986,9.265625,8.9921875,9.921875,9.9296875,259.731384277,256.358978271,254.681304932,252.759216309,0.0364970511796,-0.0647154180504,0.679671243047
4.229995,9.1640625,8.9140625,10.0078125,10.1171875,258.24017334,254.51512146,256.705108643,254.729476929,-0.0201708395035,-0.0145550809477,0.663964823614
4.239993,8.9609375,8.8984375,10.203125,10.09375,256.220794678,252.356384277,258.802886963,256.56741333,-0.0470120365133,0.00152931974287,0.608069870869
4.250006,8.8203125,8.796875,10.2421875,10.2578125,254.246170044,250.712402344,260.953826904,258.542663574,0.0477549078601,-0.021982542369,0.560836099794
4.260035,8.6484375,8.8046875,10.40625,10.296875,251.277862549,249.028656006,263.586578369,260.728759766,-0.0333540586859,-0.0320973240722,0.561132025403
4.269986,8.6328125,8.5546875,10.4296875,10.4609375,249.287582397,246.879425049,265.667053223,263.160461426,0.0879929290458,0.0124458743116,0.484289574017
4.280017,8.546875,8.4765625,10.5390625,10.578125,246.496032715,244.348358154,268.40536499,265.720947266,0.000985765498335,-0.00467684289863,0.482951479661
4.28999,8.375,8.421875,10.671875,10.5703125,244.616592407,242.467666626,270.348632812,267.718505859,-0.0936811927535,-0.045718989633,0.434823642406
4.299995,8.2265625,8.3671875,10.625,10.7890625,242.153152466,240.719909668,272.235565186,269.716278076,0.00667300573067,0.0809523267664,0.363219335198
4.30999,8.109375,8.2890625,10.859375,10.7734375,239.494262695,238.873199463,274.462127686,271.911499023,0.0283329349689,-0.0502517452483,0.351421747383
4.319999,8.1875,8.09375,10.8515625,10.8671875,237.370483398,236.609359741,276.375640869,273.911590576,0.079883690334,-0.104161644892,0.264517825278
4.329989,8.0859375,8.0703125,10.890625,10.8984375,235.251937866,234.519470215,278.494781494,275.928771973,-0.0188932728706,0.0104223659057,0.288733130913
4.339994,8.1484375,7.875,10.921875,10.9921875,233.505783081,232.102432251,279.999237061,277.900909424,0.0529310262255,0.0623668695813,0.214363489265
4.34999,7.95703125,8.0078125,10.90625,11.0625,231.617599487,230.414993286,281.663696289,279.584747314,-0.0221743646614,0.04125090951,0.179116464058
4.359991,7.9609375,7.8671875,11.0390625,11.03125,229.678955078,228.517364502,283.161590576,281.410430908,-0.0148952926141,-0.0812786741992,0.150477252256
4.369992,7.78515625,7.88671875,10.9375,11.15625,227.721939087,227.007553101,284.494659424,282.921813965,0.00114396851651,0.0825771980559,0.107382561279
4.380013,7.81640625,7.71484375,11.125,11.015625,225.63458252,224.707504272,286.174865723,284.418243408,0.0656679053116,-0.13232755974,0.0431717908494
4.389997,7.81640625,7.59765625,11.0546875,11.109375,224.349273682,223.186523438,287.273620605,285.234771729,0.056536577188,-0.0271564449029,0.0130249473744
4.399991,7.76171875,7.5546875,11.0703125,11.1796875,222.966339111,221.064590454,288.105438232,286.526916504,0.0284035940799,-0.0496501979468,0.0122020709703
4.410004,7.95703125,7.21875,11.109375,11.125,222.343093872,218.14100647,289.23348999,287.490325928,0.0476898858711,-0.0720672616734,-0.0772854837494
4.41999,7.6328125,7.52734375,11.171875,11.21875,220.682785034,216.721679688,290.361968994,288.624786377,-0.018044075096,0.0820570104973,-0.0437386360746
4.429993,7.8046875,7.3125,11.2109375,11.2890625,219.818206787,214.979980469,291.242004395,289.76171875,0.0473351519186,-0.075068772888,-0.134473754166
4.440007,7.59765625,7.37890625,11.1953125,11.328125,218.441925049,213.467727661,292.338043213,290.856994629,-0.0223957818441,0.00722771629381,-0.126711262513
4.449987,7.61328125,7.30078125,11.3203125,11.3203125,217.191207886,211.88104248,293.332550049,292.037628174,0.063443891815,0.0210081093494,-0.207162601712
4.46001,7.4921875,7.34375,11.3125,11.46875,215.717895508,210.509811401,294.383026123,293.133026123,0.0114389521354,-0.00952885004482,-0.201285878767
4.469999,7.515625,7.171875,11.4140625,11.4453125,214.500823975,208.910446167,295.262695312,294.337036133,0.0246187791447,-0.0615334374042,-0.269559997939
4.480019,7.28125,7.19140625,11.359375,11.515625,212.336044312,207.238845825,296.516571045,295.480072021,-0.0344425327794,0.075452481531,-0.26706647993
4.490004,7.31640625,7.03125,11.4921875,11.453125,211.126419067,205.755737305,297.231079102,296.276062012,0.00115306332563,-0.094671299651,-0.34592839532
4.499987,7.1796875,6.9453125,11.4296875,11.5625,209.626525879,204.149475098,298.293823242,297.023651123,-0.00740372858464,0.0306630463221,-0.367606809718
4.510081,7.0390625,6.921875,11.5859375,11.4765625,207.564025879,202.312942505,299.072052002,297.665588379,-0.0156963055165,-0.133409456221,-0.40943166909
4.519993,7.1171875,6.78515625,11.5703125,11.53125,206.162155151,200.228057861,300.3621521,298.172912598,0.0283322012113,0.0779451551359,-0.462323945926
4.530001,6.9453125,6.8203125,11.625,11.5078125,204.352401733,198.71005249,301.024139404,298.779602051,-0.0225683954105,-0.134323834674,-0.493349453949
4.539986,7.09375,6.58203125,11.703125,11.453125,203.267105103,196.582870483,302.584533691,299.028198242,0.0265389616673,-0.0061030464032,-0.53169963327
4.54999,6.94140625,6.83984375,11.71875,11.578125,201.837036133,195.417022705,303.181854248,299.551269531,-0.0356567414807,-0.00168822339765,-0.52569157936
4.560005,7.171875,6.59375,11.7265625,11.5390625,201.382995605,193.969284058,304.499053955,300.04397583,-0.0106639133791,-0.0833627496372,-0.628368215316
4.569991,6.89453125,6.81640625,11.75,11.640625,199.920700073,193.006240845,305.069030762,300.703125,-0.0491911160914,0.0290821975775,-0.583399309401
4.580014,7.12890625,6.62890625,11.8203125,11.6328125,199.569824219,191.747573853,306.717529297,301.271514893,-0.00620379030414,-0.0973832503123,-0.68991748092
4.589994,6.84765625,6.89453125,11.7890625,11.8125,198.579772949,191.627487183,306.930847168,301.973022461,-0.0336801673564,0.043833107367,-0.658405969125
4.599991,7.03125,6.6328125,11.9453125,11.65625,198.028045654,190.768539429,308.267059326,302.520080566,0.0240880612908,-0.0686498496566,-0.769089694251
4.610001,6.8203125,6.92578125,11.90625,11.8984375,196.934158325,190.580001831,308.956604004,303.512664795,-0.0312993510228,0.0854036789628,-0.701520867554
4.61999,6.9921875,6.68359375,11.9765625,11.84375,196.46105957,190.070068359,309.981506348,304.346588135,-0.0054911864588,-0.0927824736194,-0.839847128706
4.62999,6.73046875,6.80859375,11.9453125,11.9140625,195.302017212,189.667892456,310.77645874,305.400970459,0.00869832742049,0.165733086281,-0.778036831744
4.640013,6.875,6.69921875,12.0625,11.921875,194.55305481,189.152694702,311.941436768,306.233825684,-0.022348489419,-0.14245756109,-0.887915193833
4.649987,6.61328125,6.71875,11.9765625,12.0703125,193.478515625,188.690353394,312.508239746,307.359436035,-0.00321687416905,0.120486843283,-0.843005594168
4.659986,6.74609375,6.46875,12.0625,11.984375,192.477996826,187.535507202,313.14352417,308.084411621,0.0028673704233,-0.0913253474727,-0.979144978112
4.670009,6.4609375,6.6015625,12.015625,12.09375,190.98878479,186.725067139,313.918273926,309.381561279,-0.0227925423462,0.10094471176,-0.910835359048
4.679996,6.578125,6.328125,12.0546875,12.0703125,189.731079102,185.278762817,314.582336426,310.067932129,0.00559335055924,-0.100393042506,-1.04564382315
4.689987,6.37890625,6.40234375,12.0390625,12.1171875,188.586959839,184.326171875,315.02923584,310.888946533,-0.00215244992757,0.0941272125587,-1.00335012761
4.699998,6.4296875,6.2265625,12.0859375,12.09375,187.061737061,182.817840576,315.376190186,311.348602295,0.00838436724284,-0.127998052072,-1.13907189865
4.709993,6.2578125,6.20703125,12.125,12.109375,185.790863037,181.397247314,316.185089111,312.14352417,-0.0267828691031,0.0901283034583,-1.05016535402
4.719991,6.45703125,6.046875,12.1484375,12.0546875,184.661834717,179.48576355,316.500366211,312.140411377,0.0027754337975,-0.134258052722,-1.21944244298
4.729996,6.19140625,6.1328125,12.1875,12.0,183.501495361,178.37310791,317.381713867,312.492462158,-0.0156638440215,0.10457725452,-1.13853809581
4.739995,6.375,5.9375,12.1796875,12.0078125,182.368804932,176.639053345,317.694732666,312.385162354,-0.0149217573877,-0.139793916138,-1.28222805522
4.75,6.1953125,6.0625,12.203125,11.9609375,181.498458862,175.478393555,318.410339355,312.565795898,-0.0495608775163,0.0521820227615,-1.1941689424
4.760049,6.38671875,5.91015625,12.171875,11.9609375,180.577148438,174.008529663,318.536437988,312.243438721,-0.026165656659,-0.126499416208,-1.36456767887
4.76999,6.16796875,6.109375,12.28125,11.875,179.85874939,173.412948608,319.476745605,312.322967529,-0.0748625520584,0.0532346621132,-1.26345988657
4.780009,6.3671875,5.96484375,12.2421875,11.921875,179.228530884,172.408981323,319.998565674,311.641601562,-0.0310679320251,-0.150403713438,-1.40929530664
4.789996,6.19921875,6.1640625,12.296875,11.8671875,178.9243927,172.321975708,320.527618408,311.738616943,-0.0976120487472,0.060330511682,-1.31096060565
4.800001,6.390625,5.9921875,12.328125,11.8984375,178.477600098,171.664230347,320.806182861,311.20690918,-0.0235491643689,-0.148375863633,-1.50362140828
4.81,6.08203125,6.26953125,12.421875,11.859375,177.840011597,172.059906006,321.828704834,311.289337158,-0.0706461012966,0.045457134253,-1.35587626173
4.819996,6.453125,6.1875,12.3203125,11.828125,177.747177124,172.016311646,322.117767334,310.530456543,-0.0269680701066,-0.105590212726,-1.53935545054
4.829998,6.39453125,6.58984375,12.2578125,11.6796875,178.100341797,173.398620605,322.379730225,310.103210449,-0.0415068395061,0.0481906434118,-1.41359107311
4.839995,6.9296875,6.66015625,12.0390625,11.5546875,179.568374634,174.967712402,321.868347168,308.534667969,-0.00181421715004,-0.0739512367519,-1.5731871272
4.850008,6.98828125,7.1640625,11.90625,11.390625,181.578140259,177.773742676,320.949981689,307.386413574,-0.00745255185523,0.0564969950413,-1.40444570459
4.860008,7.5859375,7.265625,11.5859375,11.1953125,185.07723999,181.123931885,318.982849121,304.744598389,0.0272106439671,-0.0386548983748,-1.5251353678
4.869987,7.72265625,7.75,11.328125,11.0,188.77923584,185.184188843,316.585388184,302.901855469,0.0513622640993,0.0593469794856,-1.3972621477
4.880058,8.2734375,7.81640625,11.03125,10.8671875,194.246307373,190.196258545,313.063079834,299.467315674,0.0343694452802,0.00181698475564,-1.44758217317
4.89,8.375,8.2578125,10.7109375,10.6875,198.535507202,194.296600342,309.647338867,297.371002197,0.0835159535676,0.00371394545125,-1.30891903574
4.899989,8.8359375,8.2734375,10.4375,10.546875,203.300064087,198.480331421,305.901977539,294.129669189,0.0478813791373,0.00486951396222,-1.35272981591
4.909987,8.90625,8.59375,10.2109375,10.4375,208.460540771,203.214523315,301.835388184,291.763946533,0.109749442041,-0.0193380712023,-1.25714817347
4.920001,9.15625,8.6328125,10.046875,10.3046875,213.403808594,207.690948486,297.57119751,288.199890137,0.0500525882915,0.0342585838227,-1.21839337924
4.929986,9.3046875,8.796875,9.9375,10.234375,218.879684448,212.085769653,293.500976562,285.886383057,0.164208664079,0.0704680602533,-1.18406321329
4.940074,9.421875,8.859375,9.8671875,10.15625,223.240814209,216.037155151,289.622314453,282.620178223,0.0607956557729,-0.0090395035997,-1.12530697856
4.949995,9.4609375,8.9375,9.7734375,10.1015625,227.944625854,219.83972168,286.422180176,280.807342529,0.122455084018,0.00418216360801,-1.05904731521
4.959985,9.546875,8.984375,9.65625,10.1171875,231.592605591,223.028900146,282.646148682,278.060058594,-0.00281523796412,0.00159960906326,-1.0245949029
4.969986,9.53125,9.0078125,9.6875,10.0390625,235.517776489,226.276885986,280.142211914,276.866760254,0.0691358941924,-0.122767920993,-1.01476646429
4.980001,9.5,9.015625,9.59375,10.125,238.4087677,229.069824219,276.356994629,274.50567627,0.0833319784053,0.155791625697,-0.926456336484
4.98999,9.5390625,9.0859375,9.75,9.9140625,241.060516357,231.193527222,275.304962158,273.640869141,0.0642992027805,0.071602886281,-0.994994142518
